genre,title,duration,url
"추리, 미스터리","[브금브금] 모험 탐험 미스테리 추리소설 읽을 때, 쓸 때 과몰입 서스펜스브금",56분 59초,https://www.youtube.com/watch?v=Kbkk07ebJu4
"추리, 미스터리",[2hours] 미스터리 서스펜스 스릴러 음악 BGM,2시간 2분 55초,https://www.youtube.com/watch?v=sMAl90ZkJHM
"추리, 미스터리",𝐩𝐥𝐚𝐲𝐥𝐢𝐬𝐭 I Music without lyrics that is good to listen to while reading a book,1시간 1분 2초,https://www.youtube.com/watch?v=n2Y5eRTo4vI
"추리, 미스터리",[Playlist] The Quiet Beginning of a Crime | Mystery & Thriller Reading Music,2시간 44분 29초,https://www.youtube.com/watch?v=K6weIWIZXwk
"추리, 미스터리","[𝙋𝙡𝙖𝙮𝙡𝙞𝙨𝙩] 소설 읽을 때, 글 쓸때 듣는 과몰입 플리 1시간 반복",1시간 1분 25초,https://www.youtube.com/watch?v=SLQ6eG5jlks
"추리, 미스터리",221B Baker Street [Sherlock Holmes Mystery Jazz],3시간 36분 10초,https://www.youtube.com/watch?v=zYTHcdJB7Kc
"추리, 미스터리",Playlist 가면산장 살인사건,1시간 4분 51초,https://www.youtube.com/watch?v=VzNimSw1-QQ
"추리, 미스터리",[Playlist] 🔎The Killer is in This Room | Intense Mystery BGM for Reading | Dark Academia Mystery,2시간 5분 59초,https://www.youtube.com/watch?v=3utXYnLlO0A
"추리, 미스터리",𝙋𝙡𝙖𝙮𝙡𝙞𝙨𝙩 📚The Day of Salvation | A Thriller You Can’t Put Down | Instrumental Music for Reading,53분 20초,https://www.youtube.com/watch?v=3vxRR-xqiio
"추리, 미스터리",(playlist) 고전소설 몰입감 높여주는 가사없는 음악,50분 53초,https://www.youtube.com/watch?v=fwp9Aq7esxA
"추리, 미스터리",Dark bgm 🧥 | Mystery music | Crime scene | The bgm reads all the way to the end of the mystery novel,35분 42초,https://www.youtube.com/watch?v=WBbVUDVJb3M
"추리, 미스터리","Playlist | 눈을 떠보니, 판타지 소설 속이었다 I Woke Up Inside a Fantasy Novel",1시간 33분 59초,https://www.youtube.com/watch?v=VRfbFDUybRU
"추리, 미스터리",Playlist l 돌아가고 싶은 세상이 있었다,1시간 4분 6초,https://www.youtube.com/watch?v=oY5Rfs_uEbU
"추리, 미스터리","[과몰입 ver] 소설 읽을 때, 글 쓸 때 듣기 좋은 피아노 플리 | Playlist |  사극판타지 | 영감",1시간 3분 30초,https://www.youtube.com/watch?v=zyuh4ihXRmo
"추리, 미스터리","[3hours] 스릴러, 서스펜스, 미스터리 브금ㅣBookBGM",3시간 3분 10초,https://www.youtube.com/watch?v=VtC2GDS7AaM
"추리, 미스터리","신은 그대를 버렸다 (waltz, piano, violin, despair, ensemble playlist/BGM)",43분 26초,https://www.youtube.com/watch?v=pmK238ZZex4
SF,[BGM] SF music 🤖 | Sci-fi vgeum | Bgeum for SF novels,42분 29초,https://www.youtube.com/watch?v=sbOcxtjeXvQ
SF,[독서용] SF소설을 읽는 밤,48분 38초,https://www.youtube.com/watch?v=qLWaMZ1DwCY
SF,귀환 | 포스트 아포칼립스 - 우주 감성 앰비언트 8곡 플레이리스트,35분 29초,https://www.youtube.com/watch?v=jTOcPBhs3R4
SF,"𝐏𝐥𝐚𝐲𝐥𝐢𝐬𝐭  서로가 서로에게 별이 되는 거리, 가사 없는 음악",1시간,https://www.youtube.com/watch?v=_XFeRhG3gow
SF,인류 마지막 생존자인 당신의 장례식 - 포스트 아포칼립스 감성 앰비언트 11곡,36분 47초,https://www.youtube.com/watch?v=l9skPNljD_I
SF,"3시간 몽환적인 우주음악 🎵 우주다큐멘터리음악, 델타웨이브, 앰비언트 뮤직 | Universe Music, Space Ambient Music, Calming Music",3시간 5분 58초,https://www.youtube.com/watch?v=JZh9MCUAnEs
SF,"[Playlist] 당신은 나를 그리워할 거야, 질문? 🚀🎶 | 프로젝트 헤일메리의 여운이 가득한 우주 플레이리스트",2시간 9분 32초,https://www.youtube.com/watch?v=TOMbDbbZg5s
SF,[브금브금] 사이버펑크 하나만큼은 진심인 플레이리스트 Cyberpunk Neo Electro Playlist,1시간 3분 57초,https://www.youtube.com/watch?v=hghLslejANc
SF,[브금브금] 사이버펑크브금 'DANGEROUS' 전투적 감동적 미래 SF 판타지 스타일의 게임음악 웹소설 웹툰 배경음악 BGM 플레이리스트,39분 41초,https://www.youtube.com/watch?v=eCjDimBNZgY
SF,[브금브금] 사이버펑크음악 'Neon Rain' 강력한비트와 세련된일렉트로음악 SF 운동 공연 영화 게임 배경음악 BGM 플레이리스트,52분 45초,https://www.youtube.com/watch?v=3y6PKUvG5VQ
SF,[브금브금] 사이버펑크브금 극강의 사펑종결플리 미래시대 SF 액션 기계 전투 미래도시 레이싱 CyberPunk bgm 플레이리스트,39분 29초,https://www.youtube.com/watch?v=oMLjajF8v2o
SF,[브금브금] 사이버펑크 in 서울 브금 죽여주는 하이브리드 액션 비트 영화 게임음악 Trailerized EDM Hip Hop BGM 총질 게임할때 듣자,30분 35초,https://www.youtube.com/watch?v=tN7gm2HdDGU
SF,[브금브금] 사이버펑크브금 강렬한 비트 웅장한 액션 미래전쟁 종말 포스트 아포칼립스 현대판타지 웹툰 웹소설 배경음악 BGM 플레이리스트,35분 1초,https://www.youtube.com/watch?v=pM5l1WKiapc
SF,[브금브금] 사이버펑크 브금 '월요병은 사펑브금으로 극복' 강력하고 화려한 네온펑크 덥스텝 사이버시티투어 운동브금 배경음악 BGM,1시간 30분 25초,https://www.youtube.com/watch?v=t268vrjGFIk
SF,Sleepless Nights | Cyberpunk Ambient Relaxation Playlist | Bladerunner Inspired,42분 10초,https://www.youtube.com/watch?v=PpJQZH9B1Y4
SF,듣기 신나는 사이버/게임 느낌나는 음악 EDM 모음 🤖,1시간 31분 24초,https://www.youtube.com/watch?v=KmcnxlWkRhs
SF,Declare a Curfew - Dystopia aesthetic Future Garage playlist 7songs,31분 15초,https://www.youtube.com/watch?v=yWTg9XwvAac
로맨스,Playlist 나의 모든 계절을 당신에게,1시간 55초,https://www.youtube.com/watch?v=8i6BQE0_DNI
로맨스,"𝐏𝐥𝐚𝐲𝐥𝐢𝐬𝐭 온 마음을 모아｜로맨스 판타지, 가사 없는 음악",3시간,https://www.youtube.com/watch?v=_iutav3U-IY
로맨스,[Playlist] 우리는 몇 장짜리 책일까,1시간 1분,https://www.youtube.com/watch?v=0NpgaSLubUg
로맨스,망상 로맨스,3시간 40초,https://www.youtube.com/watch?v=KtAUxQxAgx0
로맨스,Playlist 마음에 여백을 두는 일,2시간 1분 31초,https://www.youtube.com/watch?v=HbAQP29d1Tc
로맨스,"𝐏𝐥𝐚𝐲𝐥𝐢𝐬𝐭 새벽감성 인디 피아노 플레이리스트 🎧 ⎮ 검정치마, 최유리, 카더가든, 데이먼스이어, 잔나비, 너드커넥션, 혁오, 델리스파이스",1시간 26분 40초,https://www.youtube.com/watch?v=Gl91jWxpzCk
로맨스,【𝐩𝐥𝐚𝐲𝐥𝐢𝐬𝐭】Reading music in a quiet country bookstore,43분 58초,https://www.youtube.com/watch?v=E12QM-a9TFk
로맨스,"하루종일 함께하는 너무 편안한 가요 발라드피아노 50곡 모음집 | 카페,공부,업무,태교,병원,식당,로비 피아노BGM[Kpop Piano]",10시간 2분 16초,https://www.youtube.com/watch?v=sd4vdb_PJTU
로맨스,[ Playlist ] ☕ 잔잔한 노래 최신곡 발라드 플레이리스트 카페음악 광고없는 광고없는 노래모음 집중 잘되는 음악 독서할때 듣는 음악,11시간 54분 59초,https://www.youtube.com/watch?v=JuObc2y922M
로맨스,[Playlist] 만약에 우리 OST I 영화 끝나고 듣는 발라드 플레이리스트,2시간 8분 57초,https://www.youtube.com/watch?v=5D62BJoaWv0
로맨스,"𝗣𝗟𝗔𝗬𝗟𝗜𝗦𝗧 가을밤에 든 생각 | 잔나비, 카더가든, 샘김, 김필 •••",2시간 32분 6초,https://www.youtube.com/watch?v=0eyvWdgx_gk
로맨스,(playlist) 이 노래 너무 좋은걸? 나만 들을수 없지⎜잔잔한 피아노 연주곡 플리🤎,3시간 9분 25초,https://www.youtube.com/watch?v=klh7I70h3vg
로맨스,"𝐏𝐋𝐀𝐘𝐋𝐈𝐒𝐓 새벽감성 인디 플레이리스트🌙🎧 | 잔나비, 카더가든, 최유리, 허회경, 10cm, 검정치마, 너드커넥션, 아이유",1시간 59분 25초,https://www.youtube.com/watch?v=PRfXz1iN3_o
로맨스,교보문고 플레이리스트 | The Scent of Page feat. hibi,1시간 23분 23초,https://www.youtube.com/watch?v=tQl-xYFLu34
로맨스,📚 [ Playlist ] 독서할때 듣는 음악 잔잔한 발라드 감성발라드 플레이리스트 발라드 피아노 모음 공부 집중 음악 발라드 명곡 모음 사무실 음악 💼,11시간 55분 1초,https://www.youtube.com/watch?v=3Zd85HmwEvk
"공포, 스릴러","[Playlist] 공포, 스릴러 장르 웹소설 쓸 때, 읽을 때 듣는 음악 (BGM)",3시간 1분 51초,https://www.youtube.com/watch?v=ZzdGbqAuxpM
"공포, 스릴러",[1Hour] 이곳에서 나가실 수 없습니다 ㅣ 호러소설 읽을 때 몰입도를 높여주는 BGM,1시간 1분 20초,https://www.youtube.com/watch?v=KRWJCC9IdEQ
"공포, 스릴러",𝙋𝙡𝙖𝙮𝙡𝙞𝙨𝙩 📚About a Certain Place in the Kinki Region | 😱🫣 Too Scary to Finish,1시간 12분 19초,https://www.youtube.com/watch?v=Y2bzr6NzGyM
"공포, 스릴러",[𝐏𝐥𝐚𝐲𝐥𝐢𝐬𝐭] 🌚잠이 확 깨는 공포 플레이리스트🌚 | 오싹하고 무서운 음악 | 1 Hour scary horror Music👁,1시간 3분 8초,https://www.youtube.com/watch?v=2MFSF_9RO84
"공포, 스릴러",[Playlist] Do you like Cosmic Horror Song?,1시간 31분 33초,https://www.youtube.com/watch?v=fDxYULCo3T0
"공포, 스릴러",[𝐁𝐠𝐦] 🔪범죄현장 브금  | 어두운 브금 | 긴장감 주는 음악 | 미스테리 추리소설 배경음악,47분 32초,https://www.youtube.com/watch?v=EZGMI-sXpHI
"공포, 스릴러",[Playlist] Chilling Mystery Night 🌒 | Suspenseful Background Music for Reading Thrillers,1시간 57분 54초,https://www.youtube.com/watch?v=e0GpqZFiFtA
"공포, 스릴러","아포칼립스, 종말의 밤 Playlistㅣ나만 살아남았어 (Post Apocalypse, survival BGM)",44분 2초,https://www.youtube.com/watch?v=dZ7jdpKe2c4
"공포, 스릴러",(드라마OST) 비밀의숲 시즌1 시즌2 긴장감브금,50분 2초,https://www.youtube.com/watch?v=x8tkCftiYcA
"공포, 스릴러",[2시간] 미스터리 bgm / 방탈출 브금 / 긴장감 넘치는 음악 / Ggo Rack - Clue,2시간 17초,https://www.youtube.com/watch?v=ItIst1ZgzK4
판타지,[판타지 소설 쓸때 듣기 좋은 𝐏𝐋𝐀𝐘𝐋𝐈𝐒𝐓 - 1시간],1시간 14초,https://www.youtube.com/watch?v=-q3a1V5k4Ag
판타지,"판타지 소설 읽을 때, 글 쓸 때 듣는 음악 | 1시간 반복 playlist",51분 29초,https://www.youtube.com/watch?v=6zpP5GYsRRY
판타지,"[playlist] 푸른 빛 속으로 뛰어들 수 있었으면, 책읽을 때 듣기좋은 가사없는 음악",1시간 52초,https://www.youtube.com/watch?v=2l2xQpgkPzc
판타지,𝐏𝐥𝐚𝐲𝐥𝐢𝐬𝐭 | 책읽을 때 듣는 잔잔한 애니ost / JPOP 피아노 모음,1시간 34분 54초,https://www.youtube.com/watch?v=BpJCvXttnPk
판타지,𝐏𝐥𝐚𝐲𝐥𝐢𝐬𝐭 l 환상방황,1시간 3분 39초,https://www.youtube.com/watch?v=uJLhjXUaP0U
판타지,Whispers from the Forest l Whimsical fantasy playlist,1시간 55분 55초,https://www.youtube.com/watch?v=3VsPikIy590
판타지,Fantasy Playlist | 당신이 잊고 있던 판타지의 파편들이 깨어나는 곳 – Where Your Forgotten Fantasy Fragments Awaken,2시간 6분 14초,https://www.youtube.com/watch?v=0uas6lCkC_Q
판타지,[Playlist] 잔잔한 아름다운 풍경 판타지 음악 편안한 판타지 플레이리스트 중세시대 음악 Fantasy music Celtic Music Medieval RPG Music,4시간 13분,https://www.youtube.com/watch?v=zBHFDNyTJsg
판타지,𝐏𝐥𝐚𝐲𝐥𝐢𝐬𝐭 밤을 새야하는 파이널판타지 14 모험가를 위한 완급 조절 플리,1시간 11분 7초,https://www.youtube.com/watch?v=GC9IcuCh87M
판타지,내 취향 파이널판타지14 ost 모음,2시간 14분 14초,https://www.youtube.com/watch?v=SyurauoIDQs
판타지,내가 미래로 데리고 가 줄게 | 𝐏𝐥𝐚𝐲𝐥𝐢𝐬𝐭,1시간 2분 25초,https://www.youtube.com/watch?v=YcEUd8mKYH8
판타지,몽환적인 노래 모음집,44분 6초,https://www.youtube.com/watch?v=0WQ78mAN4Do
판타지,[판타지 Playlist] 세상에 존재하지 않는 언어로 만들어진 노래 | 실리온 EP 1~6 반복 재생,43분 23초,https://www.youtube.com/watch?v=vf2cEvjeQTQ
판타지,"playlist A World Where a Fairytale Princess Lives (orchestral BGM, Western fantasy background music)",37분 47초,https://www.youtube.com/watch?v=iFcx_l1Xask
역사,"[𝐏𝐥𝐚𝐲𝐥𝐢𝐬𝐭] 집중할 때 듣기 좋은 잔잔하고 감성적인 사극풍, 동양풍 bgm (가사無 / 17 Song)",1시간 50분 20초,https://www.youtube.com/watch?v=r5mJbcDGJq8
역사,"[playlist] 봄비를 기다렸던 고궁 박물관 직원, 가사 없는 음악",40분 17초,https://www.youtube.com/watch?v=3e-QfQrjcqA
역사,"ASMR 더 나은 미래를 위해, 성균관 유생들의 공부 I 공부할때 듣는 asmr • 조선시대, 사극, 동양풍 asmr",1시간 2분 39초,https://www.youtube.com/watch?v=YPKSQxXJPMU
역사,𝓛 𝓪 𝓼 𝓽 𝓒 𝓪 𝓻 𝓷 𝓲 𝓿 𝓪 𝓵,1시간 18초,https://www.youtube.com/watch?v=UHCoupSANo4
역사,"[playlist] 한 여름의 헌책방 직원, 아주 조용한 음악",42분 47초,https://www.youtube.com/watch?v=Ha7964DxrO0
역사,𝐏𝐥𝐚𝐲𝐥𝐢𝐬𝐭 나한테 전생이 있었던가 사극 과몰입 플리,51분 39초,https://www.youtube.com/watch?v=AUOeYg43yTs
역사,[#𝐎𝐑𝐅𝐄𝐎_𝐏𝐋𝐀𝐘] Koreans' favorite orchestral classical music Top.10 ㅣ Classical music Playlist,1시간 46분 1초,https://www.youtube.com/watch?v=HdzIP0twVag
역사,따스한 햇살을 닮은 피아노와 독서 | 클래식 플레이리스트,1시간 32분 46초,https://www.youtube.com/watch?v=Ge-CNKLgBcE
역사,𝐏𝐥𝐚𝐲𝐥𝐢𝐬𝐭 지친 마음을 달래줄 따뜻한 지브리 OST 모음 | 오케스트라 버전 | 가사 없는 음악 | Studio Ghibli OST,1시간 55분 47초,https://www.youtube.com/watch?v=sJrJO9ymOBw
역사,[𝙋𝙡𝙖𝙮𝙡𝙞𝙨𝙩] The Classic Loved by the Norwegian Wood | Classic,2시간 15분 36초,https://www.youtube.com/watch?v=tlcEurH9Cpg
역사,"독서를 위한 클래식 음악 | 쇼팽, 드뷔시, 리스트...",2시간 1분 24초,https://www.youtube.com/watch?v=aepIEsxlaXc
역사,"포근한 이불 속, 우리가 사랑한 클래식 Top 50 | 익숙하고 잔잔한 클래식 플레이리스트",3시간 35분 51초,https://www.youtube.com/watch?v=rub7vg6YG7k
역사,공부를 위한 클래식 음악,2시간 27분 57초,https://www.youtube.com/watch?v=mdJU5ogrPMY
역사,Ghibli Piano OST collection was nice to be able to listen to while studying 💖From Nausicaa to Arieti,3시간 8분 46초,https://www.youtube.com/watch?v=U34kLXjdw90
역사,"❄️Best of Bach Piano Music BGM | Classical Masterpieces | Focus, Relax, Sleep Therapy",3시간 1분 23초,https://www.youtube.com/watch?v=4-9gp1puvMI
기타,[Playlist] 독서할 때 듣는 집중력 높이는 음악 🎶 (중간광고없음) | Book & Jazz | 공부 책 업무 작업,7시간 58분 14초,https://www.youtube.com/watch?v=0QmTzpr7qGY
기타,"📚독서할 때 듣기 좋은 음악🎵 (중간 광고 없음, 피아노 연주, ASMR 1시간)",1시간 18초,https://www.youtube.com/watch?v=5_11PkpVZ4w
기타,"10시간 책 읽을 때 듣기 좋은 힐링피아노 모음 🎵 북카페음악, 서점음악, 공부 할 때 듣는 음악, 독서음악",10시간 13분 13초,https://www.youtube.com/watch?v=bPXCOBL6x0s
기타,[중간광고없음] 책 한 권과 커피 한 잔이 어울리는 피아노 | Piano for Reading and Coffee Time 📚☕,3시간 19분,https://www.youtube.com/watch?v=a-yaNxtwfhw
기타,"[Playlist]숲 공기🌿가득 마시며 일하기 |업무음악,공부음악,작업음악,집중할때듣는음악,독서음악 |",10시간 1분 28초,https://www.youtube.com/watch?v=Yuw8TnTei58
기타,편안하게 독서할때  듣는 음악ㅣ집중력을 높이는 음악 ㅣ책읽을때 듣는음악 ㅣ공부할때 듣는 음악  by 힐링메이트,1시간 43초,https://www.youtube.com/watch?v=KaSFoOF6Yw0
기타,[playlist] 책 읽을 때 듣기 좋은 가사없는 노래들. 잔잔한 힐링 플레이리스트.,33분 59초,https://www.youtube.com/watch?v=KeTtsEN4YM8
기타,[Playlist] 정처 없이 걷다가 들어간 헌책방에서 흘러나오는 재즈 l Jazz at the bookstore,4시간 8초,https://www.youtube.com/watch?v=sDDHIu6nwUs
기타,"[Playlist] Work & Jazz | Relaxing Jazz Music Background | Music For Relax,Study,Work",8시간 17분 4초,https://www.youtube.com/watch?v=HfaIcB4Ogxk
기타,[playlist] 독서를 더 특별하게 만드는 재즈 음악 모음 | Book & JAZZ,2시간 16분 51초,https://www.youtube.com/watch?v=fS-glIMAoUM
기타,내가 책 읽을 때 듣는 누자베스 (Nujabes) 노래들 | 𝒑𝒍𝒂𝒚𝒍𝒊𝒔𝒕 | 예스24,1시간 1분 48초,https://www.youtube.com/watch?v=z3aS5AwhJSU
기타,"[playlist] 독서를 돕는 재즈 모음집, 집중력을 높이는 재즈 음악, 도서관에서 자주 들리는 재즈 음악 | Book & Reading Jazz",2시간 10분 3초,https://www.youtube.com/watch?v=WIXGUuISSbs
기타,"📋일할 때 듣기좋은 피아노 모음(공부음악,작업음악,집중할때듣는음악,독서음악)",10시간 2분 18초,https://www.youtube.com/watch?v=1I0WIs5rQjs
