ISBN,국가
9788937443848,프랑스
9788937461798,프랑스
9791164455300,프랑스
9791190669313,프랑스
9788986836837,프랑스
9788982816635,프랑스
9788932917245,프랑스
9791194280781,프랑스
9788937462672,프랑스
9788932924984,프랑스
9791159319013,프랑스
9788956608846,프랑스
9791194591627,프랑스
9788937461446,프랑스
9788954603096,프랑스
9788974431143,프랑스
9791194591399,프랑스
9791189356934,프랑스
9791197153327,프랑스
9788984374942,프랑스
9788937454769,프랑스
9788937464652,프랑스
9791196554866,프랑스
9788954619585,프랑스
9788937463211,프랑스
9791197182204,프랑스
9788931021516,프랑스
9788937460180,프랑스
9791171311644,프랑스
9788984374409,프랑스
9788937460364,프랑스
9788937463839,프랑스
9788954650724,프랑스
9791139723731,프랑스
9788954685603,프랑스
9788950935658,프랑스
9788995501443,프랑스
9788954651868,프랑스
9791159317828,프랑스
9788932923581,프랑스
9788949707624,프랑스
9791198375339,프랑스
9788932907871,프랑스
9788932918082,프랑스
9788954650700,프랑스
9788937485619,프랑스
9788932923215,프랑스
9788954610971,프랑스
9791159319167,프랑스
9788931024319,프랑스
9788937432361,프랑스
9788937433092,프랑스
9788932919096,프랑스
9788984374614,프랑스
9788952771698,프랑스
9788901288451,프랑스
9791155816400,프랑스
9788931021295,프랑스
9788995772423,프랑스
9791159039782,프랑스
9788932923574,프랑스
9788954638890,프랑스
9788934995388,프랑스
9788932923420,프랑스
9791190533454,프랑스
9788932923864,프랑스
9788932923413,프랑스
9788932027623,프랑스
9788932915708,프랑스
9791197182235,프랑스
9788937460951,프랑스
9791187192596,프랑스
9788932924397,프랑스
9788954609067,프랑스
9788932909714,프랑스
9791195949946,프랑스
9788932924403,프랑스
9788932911472,프랑스
9788937460968,프랑스
9788998046330,프랑스
9788984374393,프랑스
9788932923949,프랑스
9791139721928,프랑스
9788937456121,프랑스
9791190818247,프랑스
9788937461897,프랑스
9788954687898,프랑스
9788937456107,프랑스
9791164456444,프랑스
9788932923598,프랑스
9788937463365,프랑스
9788954685597,프랑스
9791139710311,프랑스
9791196554835,프랑스
9788932923642,프랑스
9788990878519,프랑스
9788937463198,프랑스
9788954638173,프랑스
9791171311651,프랑스
9788931025033,프랑스
9791190473767,프랑스
9788984375024,프랑스
9788931023756,프랑스
9788932923659,프랑스
9788972883548,프랑스
9788937461132,프랑스
9791164456734,프랑스
9791192683249,프랑스
9791197182273,프랑스
9788932909172,프랑스
9791199235502,프랑스
9788932912554,프랑스
9791170401049,프랑스
9788984375048,프랑스
9788982810305,프랑스
9791194381068,프랑스
9788954607797,프랑스
9791159319259,프랑스
9788937464201,프랑스
9791170553021,프랑스
9788937461149,프랑스
9791164453061,프랑스
9788984375031,프랑스
9791190669627,프랑스
9788932923994,프랑스
9791141614904,프랑스
9791159319150,프랑스
9788932037578,프랑스
9788937485626,프랑스
9788937460913,프랑스
9791196554804,프랑스
9788984374546,프랑스
9791164459759,프랑스
9788982814877,프랑스
9791160808261,프랑스
9791189729844,프랑스
9788937429187,프랑스
9788931023763,프랑스
9788937463013,프랑스
9788937463495,프랑스
9788932917337,프랑스
9788932923611,프랑스
9788932923604,프랑스
9788932923628,프랑스
9788954681704,프랑스
9791188694174,프랑스
9791190669320,프랑스
9791190533188,프랑스
9791164456871,프랑스
9788932924045,프랑스
9788937427220,프랑스
9791192376042,프랑스
9788984374829,프랑스
9788932403342,프랑스
9791188364220,프랑스
9788954648967,프랑스
9788932912431,프랑스
9788931023732,프랑스
9791141609801,프랑스
9788932405049,프랑스
9788932919683,프랑스
9788954616850,프랑스
9788932909851,프랑스
9788932909868,프랑스
9791190533638,프랑스
9788932911724,프랑스
9791168127883,프랑스
9788932924144,프랑스
9788932919133,프랑스
9788932919676,프랑스
9788932923253,프랑스
9791141601874,프랑스
9788932919126,프랑스
9788932924106,프랑스
9788998046347,프랑스
9791192683256,프랑스
9791191247206,프랑스
9788937463877,프랑스
9788954609142,프랑스
9791190669610,프랑스
9788984374812,프랑스
9791193692042,프랑스
9788932921044,프랑스
9788932921037,프랑스
9788932912844,프랑스
9788998046668,프랑스
9788954616867,프랑스
9788932924113,프랑스
9788932919041,프랑스
9788937462689,프랑스
9788932922379,프랑스
9788984374386,프랑스
9788982814327,프랑스
9788932924533,프랑스
9788937462108,프랑스
9788954602181,프랑스
9788937403866,프랑스
9791191861327,프랑스
9791195949984,프랑스
9788932925066,프랑스
9788972756705,프랑스
9788937464416,프랑스
9788937442339,프랑스
9788937460845,프랑스
9788984374836,프랑스
9791185093543,프랑스
9791191861334,프랑스
9791164458615,프랑스
9788970752747,프랑스
9788932918686,프랑스
9791189413422,프랑스
9788937464423,프랑스
9788932923550,프랑스
9791190157728,프랑스
9791170400998,프랑스
9788954675222,프랑스
9788932035000,프랑스
9788932922362,프랑스
9788932923758,프랑스
9791189134044,프랑스
9788937461842,프랑스
9788937464126,프랑스
9791170800743,프랑스
9788931010299,프랑스
9788932920344,프랑스
9791130660929,프랑스
9788937463020,프랑스
9791189356019,프랑스
9788992632911,프랑스
9788932024417,프랑스
9788937485633,프랑스
9788982811326,프랑스
9788937403873,프랑스
9791161111254,프랑스
9791188672271,프랑스
9788931025040,프랑스
9788954636636,프랑스
9788937462238,프랑스
9791170401056,프랑스
9791159350207,프랑스
9788970637990,프랑스
9788932909479,프랑스
9788932033303,프랑스
9788932018300,프랑스
9788932018317,프랑스
9791173320576,프랑스
9788932909073,프랑스
9791191861129,프랑스
9788934976042,프랑스
9788972753162,프랑스
9788982811357,프랑스
9788932920337,프랑스
9788932911595,프랑스
9791170401001,프랑스
9788954616997,프랑스
9788937461682,프랑스
9791139716030,프랑스
9791160272864,프랑스
9788984373358,프랑스
9788994207353,프랑스
9788932923772,프랑스
9788932923765,프랑스
9788937429842,프랑스
9788901245447,프랑스
9788954611909,프랑스
9788937403903,프랑스
9788932405414,프랑스
9791170401094,프랑스
9791170401087,프랑스
9791170401070,프랑스
9788932919102,프랑스
9788954683609,프랑스
9788954604222,프랑스
9788937403880,프랑스
9788949719085,프랑스
9791157832743,프랑스
9788982811371,프랑스
9788972918035,프랑스
9791170401452,프랑스
9788937463037,프랑스
9788937403897,프랑스
9788932012636,프랑스
9791190489737,프랑스
9791191861075,프랑스
9788937485640,프랑스
9788982812392,프랑스
9788954624107,프랑스
9788937461859,프랑스
9788937464164,프랑스
9788952763006,프랑스
9788932924052,프랑스
9788937464171,프랑스
9791160804157,프랑스
9788932921112,프랑스
9788982811364,프랑스
9788932042428,프랑스
9788954697637,프랑스
9788937485725,프랑스
9788932404790,프랑스
9791186274255,프랑스
9788952779816,프랑스
9788937485664,프랑스
9788932023731,프랑스
9788932041599,프랑스
9788937485718,프랑스
9788954622271,프랑스
9788932016047,프랑스
9791191861167,프랑스
9788932405025,프랑스
9788982811388,프랑스
9791170401018,프랑스
9788949707471,프랑스
9791164459117,프랑스
9788932923086,프랑스
9791196595289,프랑스
9788937463044,프랑스
9788949719672,프랑스
9788952247353,프랑스
9791160272871,프랑스
9791190669337,프랑스
9788950985790,프랑스
9788994207667,프랑스
9788954619691,프랑스
9791194381204,프랑스
9788932923505,프랑스
9788932030289,프랑스
9788954623612,프랑스
9788949707945,프랑스
9791189356606,프랑스
9788954670517,프랑스
9788984372757,프랑스
9788925575179,프랑스
9788994207490,프랑스
9788932909066,프랑스
9788954681810,프랑스
9788954625333,프랑스
9788992632829,프랑스
9791193635353,프랑스
9788954610056,프랑스
9788932910024,프랑스
9788982810503,프랑스
9791193130919,프랑스
9788970755304,프랑스
9788932405360,프랑스
9788932918778,프랑스
9788937456916,프랑스
9788954686877,프랑스
9791164455270,프랑스
9788937463228,프랑스
9791193130896,프랑스
9788937464348,프랑스
9788932921938,프랑스
9788954618540,프랑스
9788932018287,프랑스
9788931024951,프랑스
9791141600006,프랑스
9788937485688,프랑스
9788970637754,프랑스
9791192004273,프랑스
9788937429767,프랑스
9788954625340,프랑스
9788937461316,프랑스
9788955478884,프랑스
9788901122755,프랑스
9788932910031,프랑스
9788932924786,프랑스
9788932916743,프랑스
9788954625166,프랑스
9788994207377,프랑스
9788971844922,프랑스
9788937463235,프랑스
9788932403755,프랑스
9788937460395,프랑스
9791164459254,프랑스
9788954643290,프랑스
9788932906041,프랑스
9791141601478,프랑스
9788936464110,프랑스
9788982812422,프랑스
9788954650618,프랑스
9788954621816,프랑스
9788937463051,프랑스
9788932014500,프랑스
9791193790182,프랑스
9788955479737,프랑스
9788932405339,프랑스
9788954697927,프랑스
9791170401063,프랑스
9788976824936,프랑스
9788932019048,프랑스
9788984373853,프랑스
9788934976059,프랑스
9788932911885,프랑스
9788932911779,프랑스
9791197317354,프랑스
9788932920917,프랑스
9791164453900,프랑스
9788932916514,프랑스
9788954625104,프랑스
9788937462498,프랑스
9791160804164,프랑스
9788954671408,프랑스
9788932911878,프랑스
9788937464355,프랑스
9788932924069,프랑스
9788954675543,프랑스
9788901158945,프랑스
9788901158938,프랑스
9788993785364,프랑스
9791192004044,프랑스
9791196484194,프랑스
9788932919539,프랑스
9788936464486,프랑스
9788932040875,프랑스
9788968332463,프랑스
9788937463273,프랑스
9788993785128,프랑스
9788937480065,프랑스
9788932461427,프랑스
9788936439361,프랑스
9791160272888,프랑스
9788932404752,프랑스
9788932911786,프랑스
9788949706726,프랑스
9788937480041,프랑스
9791160809220,프랑스
9791159039508,프랑스
9788949706474,프랑스
9791170400981,프랑스
9788932321912,프랑스
9791164453498,프랑스
9791189217433,프랑스
9791164456420,프랑스
9791186686126,프랑스
9791191859959,프랑스
9788947548601,프랑스
9788961559102,프랑스
9791195615438,프랑스
9788954637299,프랑스
9788937480058,프랑스
9791189623227,프랑스
9791159351075,프랑스
9791160201598,프랑스
9791157955763,프랑스
9788936478223,프랑스
9791164451081,프랑스
9788949708317,프랑스
9788966804641,프랑스
9788984371125,프랑스
9788937445712,프랑스
9791164455096,프랑스
9788972758112,프랑스
9788984371200,프랑스
9788984371002,프랑스
9788984370906,프랑스
9788931024296,프랑스
9791169172028,프랑스
9791141601195,프랑스
9791170871323,프랑스
9791189134372,프랑스
9791190758154,프랑스
9788949707419,프랑스
9788970754406,프랑스
9791171178094,프랑스
9791190669573,프랑스
9791191861235,프랑스
9791159923678,프랑스
9788954679541,프랑스
9791190144063,프랑스
9788932404776,프랑스
9788994207605,프랑스
9788954635479,프랑스
9788998046323,프랑스
9788994040387,프랑스
9788901118017,프랑스
9788908060609,프랑스
9791160272826,프랑스
9788937429170,프랑스
9788994207674,프랑스
9791186634684,프랑스
9788954618045,프랑스
9788967901363,프랑스
9791161952345,프랑스
9788970754741,프랑스
9788954675116,프랑스
9791189356286,프랑스
9791161250939,프랑스
9788932916767,프랑스
9788964068991,프랑스
9788901114583,프랑스
9788932903484,프랑스
9788954695817,프랑스
9788937427305,프랑스
9788982812446,프랑스
9788952243065,프랑스
9791127251079,프랑스
9788937463259,프랑스
9788932915067,프랑스
9788901122960,프랑스
9788932915036,프랑스
9791199835702,프랑스
9788954698054,프랑스
9788954670746,프랑스
9788901122762,프랑스
9791194280347,프랑스
9788958640653,프랑스
9791192575018,프랑스
9791190669474,프랑스
9788947544078,프랑스
9788952237606,프랑스
9788932915203,프랑스
9788954639842,프랑스
9788954623506,프랑스
9791161110790,프랑스
9791160201604,프랑스
9788970753706,프랑스
9791171179664,프랑스
9788932041155,프랑스
9791196783693,프랑스
9788956392851,프랑스
9788932916897,프랑스
9788970638324,프랑스
9788970638300,프랑스
9788932915173,프랑스
9788982819704,프랑스
9788994449906,프랑스
9788966805631,프랑스
9788984374157,프랑스
9791189356323,프랑스
9791159922855,프랑스
9791189271916,프랑스
9791161110059,프랑스
9788962609967,프랑스
9788970638317,프랑스
9788959944163,프랑스
9788974283407,프랑스
9788973819584,프랑스
9788982812439,프랑스
9791197894978,프랑스
9791167090102,프랑스
9791188047598,프랑스
9788964291412,프랑스
9788979445930,프랑스
9788994015958,프랑스
9791186634691,프랑스
9788994015682,프랑스
9788949707723,프랑스
9788966804559,프랑스
9788954603089,프랑스
9788973819577,프랑스
9788975274763,프랑스
9788973810444,프랑스
9788937460708,러시아
9788937462849,러시아
9788937462856,러시아
9788937464386,러시아
9788937486067,러시아
9788937486074,러시아
9788937462399,러시아
9788936464073,러시아
9791191280630,러시아
9788958560760,러시아
9788937464614,러시아
9788937460135,러시아
9788954620437,러시아
9788937429156,러시아
9788937437892,러시아
9788932909158,러시아
9788932909165,러시아
9788954651035,러시아
9788937463846,러시아
9788937463853,러시아
9788937463860,러시아
9788937443664,러시아
9788932923963,러시아
9788954683432,러시아
9791139710793,러시아
9788931024098,러시아
9788937464430,러시아
9788954683449,러시아
9788937443671,러시아
9788932923970,러시아
9788954683708,러시아
9788932923987,러시아
9788937460807,러시아
9788937462542,러시아
9788931023893,러시아
9788932923932,러시아
9791128865459,러시아
9788958560777,러시아
9788932909264,러시아
9788937461200,러시아
9788932909547,러시아
9788937462191,러시아
9788937464331,러시아
9788932924632,러시아
9788932924649,러시아
9788932924656,러시아
9788954620628,러시아
9788954671774,러시아
9788954649001,러시아
9788937463617,러시아
9788937460685,러시아
9791128892325,러시아
9788954671781,러시아
9788932403878,러시아
9788932910284,러시아
9788932403885,러시아
9788932403854,러시아
9788954616430,러시아
9788932912363,러시아
9788954655200,러시아
9791141600068,러시아
9788931023770,러시아
9788932909424,러시아
9788931023961,러시아
9791190669245,러시아
9788932912370,러시아
9791196554828,러시아
9788937462207,러시아
9791198375322,러시아
9788932909448,러시아
9788937462214,러시아
9788976046185,러시아
9791159030895,러시아
9788932909431,러시아
9788971848043,러시아
9788982030345,러시아
9788931024845,러시아
9791194381327,러시아
9788937463389,러시아
9788932909356,러시아
9788937460623,러시아
9788932920122,러시아
9788932920139,러시아
9788932911212,러시아
9788954699518,러시아
9788937463372,러시아
9788932920115,러시아
9788954613934,러시아
9788932911052,러시아
9788954699525,러시아
9788954699877,러시아
9788932909288,러시아
9788937463532,러시아
9788932911175,러시아
9788932909295,러시아
9788937464676,러시아
9788954614788,러시아
9791163721857,러시아
9788932911168,러시아
9791164459346,러시아
9788954609029,러시아
9791128859403,러시아
9788932912233,러시아
9788932909967,러시아
9788954650977,러시아
9788932911267,러시아
9791164459353,러시아
9788954640350,러시아
9788932405162,러시아
9788932404660,러시아
9791189413811,러시아
9788954642583,러시아
9788954685641,러시아
9788954642576,러시아
9788937462115,러시아
9791189271206,러시아
9788949706627,러시아
9788937464041,러시아
9788936464844,러시아
9788937461330,러시아
9791128859410,러시아
9791170360520,러시아
9788932912134,러시아
9788954698955,러시아
9788954650984,러시아
9788954694759,러시아
9788932404806,러시아
9788932912585,러시아
9788954609036,러시아
9788932912608,러시아
9791141609184,러시아
9791175241664,러시아
9788954648936,러시아
9788932403670,러시아
9788949717890,러시아
9788932404813,러시아
9788932403892,러시아
9788949718057,러시아
9791160261479,러시아
9788954650717,러시아
9791192004204,러시아
9788936464868,러시아
9788954609043,러시아
9788937461538,러시아
9788932405094,러시아
9791159038525,러시아
9788954646406,러시아
9788932912592,러시아
9788932911144,러시아
9791141601539,러시아
9791128892202,러시아
9788932912615,러시아
9788994796727,러시아
9788932911304,러시아
9788932909233,러시아
9788932923147,러시아
9788936464851,러시아
9788954650991,러시아
9788932911298,러시아
9788932909929,러시아
9788932018645,러시아
9791194381150,러시아
9788932405087,러시아
9788936464431,러시아
9788958561385,러시아
9788932909936,러시아
9788937463563,러시아
9791164459360,러시아
9791155921364,러시아
9788998003036,러시아
9788936464103,러시아
9788949704340,러시아
9788954641166,러시아
9788932911199,러시아
9788937461880,러시아
9791173572975,러시아
9791190885942,러시아
9788932912639,러시아
9788932912622,러시아
9788949707280,러시아
9788901105802,러시아
9788936464738,러시아
9788932404585,러시아
9788954610933,러시아
9791128832444,러시아
9791155921968,러시아
9788949707761,러시아
9791167090225,러시아
9788936464745,러시아
9788936464721,러시아
9791167900227,러시아
9791155922439,러시아
9791160270167,러시아
9791128826832,러시아
9788936473969,러시아
9791170360421,러시아
9788954616904,러시아
9788971847824,러시아
9791171174362,러시아
9788949716602,러시아
9788997870516,러시아
9788932404707,러시아
9788932473611,러시아
9788932019970,러시아
9788954694766,러시아
9788949708409,러시아
9788952242754,러시아
9791167371201,러시아
9791190408028,러시아
9788932909691,러시아
9788932043159,러시아
9791167900241,러시아
9788949708348,러시아
9788954620598,러시아
9788967440084,러시아
9788958561309,러시아
9791196916855,러시아
9791128853852,러시아
9788932404714,러시아
9788954613101,러시아
9791167371218,러시아
9788966803163,러시아
9788901094243,러시아
9791191114546,러시아
9791128827075,러시아
9788954608152,러시아
9791141609962,중국
9788954442688,중국
9791156754312,중국
9788954442695,중국
9791160078572,중국
9791158884680,중국
9788954442701,중국
9788925569154,중국
9788954442718,중국
9791156751298,중국
9791168342958,중국
9788937463648,중국
9788954614122,중국
9791156754305,중국
9791160079166,중국
9788925568799,중국
9791190147774,중국
9788936479466,중국
9788937464539,중국
9791127864552,중국
9791194293033,중국
9791127864545,중국
9791127864569,중국
9791127864576,중국
9788954605038,중국
9788932403427,중국
9791127864613,중국
9791127864590,중국
9791127864620,중국
9788971846964,중국
9791127864637,중국
9791127864606,중국
9791127864583,중국
9788937463457,중국
9788934991687,중국
9788925568805,중국
9791127853686,중국
9788932026602,중국
9788934980292,중국
9788954439763,중국
9791186846407,중국
9791127851446,중국
9788959759590,중국
9788925568812,중국
9791127852122,중국
9791127853068,중국
9791160073133,중국
9788934943679,중국
9788925568829,중국
9788934983378,중국
9788925568843,중국
9788934985808,중국
9791159253775,중국
9788931024456,중국
9788925568867,중국
9788971847244,중국
9788901237220,중국
9788925568898,중국
9788932014043,중국
9788925568850,중국
9788934920793,중국
9788954447454,중국
9788974784393,중국
9788925568881,중국
9791156756910,중국
9791156756927,중국
9788937463907,중국
9788934991694,중국
9788937463440,중국
9791130661322,중국
9788932014357,중국
9788932014340,중국
9788932014333,중국
9788932014326,중국
9788932014210,중국
9788954696036,중국
9791167371355,중국
9791168342590,중국
9788954625197,중국
9791160201055,중국
9791170524045,중국
9788954683142,중국
9788967355821,중국
9788972437994,중국
9788954696043,중국
9788937460715,중국
9788972914037,중국
9788972914044,중국
9788932322391,중국
9788934991144,중국
9788932322384,중국
9788934991700,중국
9788932015149,중국
9791160201048,중국
9791195762477,중국
9788934991717,중국
9788954653008,중국
9788950979508,중국
9788932911625,중국
9788934991748,중국
9791159921421,중국
9791165796860,중국
9788954645935,중국
9788971847268,중국
9788908042285,중국
9788934989431,중국
9791160201062,중국
9788932923437,중국
9788950979522,중국
9788950979515,중국
9788971847282,중국
9788934991731,중국
9788950979492,중국
9788954619554,중국
9788908042377,중국
9788950997458,중국
9788934991861,중국
9788934991724,중국
9788908042360,중국
9791186634097,중국
9788934991854,중국
9791158884703,중국
9788908042353,중국
9788976822246,중국
9791158884697,중국
9788976821362,중국
9791141601478,중국
9791190539098,중국
9788937463464,중국
9788971847275,중국
9791171713851,중국
9791186846377,중국
9788976821331,중국
9788934985815,중국
9788908042346,중국
9791169091794,중국
9788934920717,중국
9788991508255,중국
9791130661339,중국
9791157322992,중국
9791170525042,중국
9788936474195,중국
9791160076998,중국
9791170525059,중국
9791169092586,중국
9788954636865,중국
9788934985822,중국
9791186634943,중국
9788934920779,중국
9788934920762,중국
9788934985860,중국
9791160201147,중국
9791160201130,중국
9788954674072,중국
9788976821355,중국
9788963715315,중국
9791160201079,중국
9788934983330,중국
9788963715308,중국
9788963651415,중국
9788936464066,중국
9791194293668,중국
9791160201116,중국
9788934983323,중국
9788954624039,중국
9788990220783,중국
9788967358587,중국
9791156621225,중국
9788967359683,중국
9791160201123,중국
9788952752413,중국
9791160201086,중국
9788937604096,중국
9791190254335,중국
9788934920724,중국
9788936474201,중국
9788954605694,중국
9788974161927,중국
9788932040523,중국
9788925578118,중국
9791160201109,중국
9791160201093,중국
9791156620884,중국
9788937604102,중국
9788976821379,중국
9788932010021,중국
9788967356644,중국
9791185330600,중국
9791188522040,중국
9788974161941,중국
9788974161934,중국
9788974161910,중국
9788976044785,중국
9788934989455,중국
9788990790729,중국
9788973432646,중국
9788972759713,중국
9791160809411,중국
9788934983347,중국
9788976821348,중국
9788974161996,중국
9788974161989,중국
9788974161972,중국
9788974161965,중국
9788974161958,중국
9791158489793,중국
9791128863585,중국
9788967358570,중국
9791190305105,중국
9791196561871,중국
9788963272016,중국
9788974162009,중국
9788937460449,독일
9791164453115,독일
9791194280828,독일
9791194280804,독일
9791194591429,독일
9788937460944,독일
9788937460500,독일
9788937460043,독일
9788937428852,독일
9788937460258,독일
9788954600200,독일
9791187011590,독일
9788932920238,독일
9791187011606,독일
9791193904213,독일
9791194591351,독일
9788937461804,독일
9788937460289,독일
9788934940715,독일
9791139716542,독일
9788937462733,독일
9788932920290,독일
9791194591412,독일
9788937462740,독일
9788954620147,독일
9788937462467,독일
9788932920221,독일
9791164456987,독일
9788937461118,독일
9788954654418,독일
9788932909844,독일
9791190669658,독일
9788937463068,독일
9791198165022,독일
9788975276293,독일
9788952768568,독일
9788931024999,독일
9788934981190,독일
9788954609463,독일
9788932404363,독일
9788954610018,독일
9788932920245,독일
9788932909998,독일
9788936464424,독일
9788937462306,독일
9788932920252,독일
9791195329311,독일
9791158792237,독일
9791158792244,독일
9788932403977,독일
9788954610070,독일
9788937460081,독일
9788954620154,독일
9788931024821,독일
9791190669641,독일
9788982730009,독일
9788954611824,독일
9791141600709,독일
9791173074684,독일
9791158792152,독일
9791185359304,독일
9791162206232,독일
9791196554811,독일
9791172130848,독일
9791198088529,독일
9788937460654,독일
9788937464621,독일
9788936476960,독일
9788937462337,독일
9791164456994,독일
9788932403496,독일
9788932036281,독일
9788954615662,독일
9788954609159,독일
9788937460326,독일
9788937461057,독일
9791191247527,독일
9788937426148,독일
9791187011576,독일
9788972755111,독일
9788936476977,독일
9788937460333,독일
9788973435289,독일
9791190669665,독일
9788955864830,독일
9791164456338,독일
9788932909240,독일
9791164459124,독일
9788937429149,독일
9788932403656,독일
9791170402589,독일
9788932920276,독일
9788932404349,독일
9788954646369,독일
9788954609104,독일
9788932035048,독일
9788932911588,독일
9788937461064,독일
9788986836219,독일
9788932912332,독일
9791193130988,독일
9791190298483,독일
9788937486449,독일
9791130665825,독일
9791197951657,독일
9788932912271,독일
9788932475585,독일
9788932924625,독일
9791158791919,독일
9791168341647,독일
9791164459186,독일
9791158791926,독일
9788979446593,독일
9788932403410,독일
9788937460760,독일
9788954609111,독일
9788932022918,독일
9788933871645,독일
9788954626125,독일
9788931024654,독일
9788954696241,독일
9788937463310,독일
9788932911946,독일
9788937428791,독일
9788932920269,독일
9788932405209,독일
9788937463327,독일
9788933871720,독일
9791164459704,독일
9791171712038,독일
9788932916453,독일
9788937460241,독일
9788931023671,독일
9791193635384,독일
9788931023664,독일
9788954609081,독일
9788932912202,독일
9791164459001,독일
9788933871782,독일
9788954605335,독일
9788937460234,독일
9788937460562,독일
9788935678853,독일
9788937463341,독일
9788937460579,독일
9791160804133,독일
9791187928232,독일
9788954637589,독일
9791185051062,독일
9788931024708,독일
9788932916460,독일
9788937429873,독일
9788931025002,독일
9791197951619,독일
9788931024579,독일
9788961705899,독일
9788954697156,독일
9788991239838,독일
9788931024302,독일
9788932405353,독일
9791189413972,독일
9788982735332,독일
9788931024593,독일
9791164457724,독일
9788931024685,독일
9788931024678,독일
9791162040751,독일
9788954613965,독일
9788937463969,독일
9788935670581,독일
9788937462948,독일
9788949706481,독일
9788937464287,독일
9791194591719,독일
9788931024623,독일
9791187011859,독일
9791158791179,독일
9791189660932,독일
9791141609986,독일
9791164456352,독일
9791157832750,독일
9791164458998,독일
9788937463600,독일
9788972756644,독일
9788937462450,독일
9788931024609,독일
9788991239739,독일
9788937462443,독일
9788991239920,독일
9791190298636,독일
9788932036274,독일
9791158790615,독일
9788961095310,독일
9791190298346,독일
9791158790608,독일
9788936464967,독일
9791186998441,독일
9788937403927,독일
9788901144931,독일
9788936464950,독일
9791170870845,독일
9788932909332,독일
9788901144948,독일
9788994796703,독일
9788932405100,독일
9791164456550,독일
9788931024692,독일
9788931023954,독일
9788937445903,독일
9791186202562,독일
9788954613156,독일
9788936471767,독일
9791161253800,독일
9788955865851,독일
9791185051826,독일
9788952200648,독일
9788936464974,독일
9788954690430,독일
9788936464554,독일
9788952776815,독일
9788968330711,독일
9788932909394,독일
9788954616973,독일
9788937461194,독일
9788955868135,독일
9788932461410,독일
9791164457083,독일
9791164455850,독일
9791175242326,독일
9791193130766,독일
9788936464363,독일
9788954616980,독일
9788990794178,독일
9788937838736,독일
9788954641388,독일
9791159030154,독일
9788972756309,독일
9791191758290,독일
9791164456819,독일
9788932030654,독일
9791185051581,독일
9788949708720,독일
9788952114716,독일
9788954613118,독일
9788932909783,독일
9791164455768,독일
9788949716619,독일
9791185051598,독일
9788954616881,독일
9791128892936,독일
9788954656665,독일
9788992632683,독일
9788993785241,독일
9791164455782,독일
9788949716626,독일
9791128823930,독일
9788954638272,독일
9788954616874,독일
9791164459483,독일
9791191262339,독일
9788937462573,독일
9791186202258,독일
9788972432104,독일
9788930041065,독일
9791130639444,독일
9788963651408,독일
9788932909790,독일
9788949704418,독일
9788937429088,독일
9788958561026,독일
9791190669580,독일
9791191349870,독일
9788930040891,독일
9791157955725,독일
9788976043221,독일
9788952200709,독일
9791192667614,독일
9791191200898,독일
9791155814949,독일
9788937429699,독일
9788932035079,독일
9788972756330,독일
9788949707495,독일
9788932403489,독일
9791170400271,독일
9788952200693,독일
9791173075414,독일
9788976828699,독일
9788952246608,독일
9788952243904,독일
9788952738646,독일
9788982739071,독일
9788955866315,독일
9791158251772,독일
9788959897162,독일
9788957335659,독일
9788974430849,독일
9788930040907,독일
9788936464240,독일
9788932021676,독일
9788932042503,독일
9788993785654,독일
9788993785647,독일
9788966804658,독일
9791198716118,독일
9791198716101,독일
9791186877531,독일
9788976047304,독일
9791159318603,독일
9791187011514,독일
9788979446265,독일
9788998120337,독일
9791185051567,독일
9788952768773,독일
9788987444963,독일
9788954614856,독일
9788932019949,독일
9788931022865,독일
9791155815113,독일
9791186998557,독일
9788932917979,독일
9791195377329,독일
9788952115881,독일
9788954606868,독일
9788975275753,독일
9788987444222,독일
9788998441012,한국
9788936434120,한국
9788937473401,한국
9791197221989,한국
9788954682152,한국
9788936434595,한국
9788998441074,한국
9791193647646,한국
9791190090261,한국
9791161571188,한국
9791198547514,한국
9791162203620,한국
9791141601300,한국
9791191061048,한국
9788936439651,한국
9788936439002,한국
9791191714425,한국
9788956609959,한국
9791198363510,한국
9788954616515,한국
9788954681179,한국
9791197671708,한국
9788936438838,한국
9791161571379,한국
9788998441081,한국
9791191824001,한국
9791141601713,한국
9788982819278,한국
9791162203392,한국
9791197671739,한국
9791165341909,한국
9788954623360,한국
9788937473166,한국
9788998441029,한국
9788954685030,한국
9791197021688,한국
9791197377143,한국
9788998441005,한국
9788936431556,한국
9791191061987,한국
9791198173898,한국
9788954687041,한국
9788936434618,한국
9788956604992,한국
9791188862290,한국
9788934967316,한국
9791191114225,한국
9791160405750,한국
9788934967323,한국
9791191587524,한국
9788934967330,한국
9791165343729,한국
9788936433871,한국
9788934967347,한국
9788934967354,한국
9788934967361,한국
9791190885621,한국
9791141601591,한국
9788934967378,한국
9791167903068,한국
9788934967385,한국
9791161571768,한국
9788933872390,한국
9788936434540,한국
9791167375629,한국
9791191193138,한국
9791168223981,한국
9791192684239,한국
9788936434434,한국
9791167374561,한국
9788954672214,한국
9788954648905,한국
9788932020006,한국
9791167370280,한국
9791170960706,한국
9791130699462,한국
9791194654469,한국
9788937460722,한국
9791172130633,한국
9788959130580,한국
9791165347734,한국
9791130692258,한국
9791157412037,한국
9788936433635,한국
9791172131067,한국
9788937473852,한국
9791198744456,한국
9788936433673,한국
9788937454677,한국
9788936459093,한국
9791194654476,한국
9788954682749,한국
9788937473319,한국
9791167902580,한국
9791190090766,한국
9791193190036,한국
9791130625904,한국
9791193282038,한국
9791191714074,한국
9791193078259,한국
9791167902504,한국
9791193024225,한국
9791193937198,한국
9788959134823,한국
9791161571829,한국
9788936434311,한국
9791141601447,한국
9791198838841,한국
9791160940602,한국
9791141601638,한국
9788954699372,한국
9788954699914,한국
9788925556345,한국
9791170611028,한국
9791194246442,한국
9791197021633,한국
9791190885560,한국
9791194330905,한국
9788937473142,한국
9791161571492,한국
9791191114072,한국
9788954695978,한국
9788956607030,한국
9788937473036,한국
9788954674492,한국
9791191061161,한국
9788982814792,한국
9791164798728,한국
9791130664927,한국
9791193282151,한국
9788954617246,한국
9788936439026,한국
9791141607241,한국
9791168342439,한국
9791130653495,한국
9791168127449,한국
9791130699479,한국
9788954693462,한국
9788956253534,한국
9788936438715,한국
9788932020914,한국
9791193790205,한국
9788932013046,한국
9791194654797,한국
9791193235119,한국
9788954693271,한국
9791141601218,한국
9791194654346,한국
9791160402285,한국
9788932322780,한국
9788954693288,한국
9788950995454,한국
9791192836072,한국
9791193790236,한국
9791193790229,한국
9791170526131,한국
9791193790212,한국
9788937428319,한국
9791190147989,한국
9788936438012,한국
9788936439675,한국
9791141607104,한국
9791130655840,한국
9788954675604,한국
9791165345839,한국
9788954671989,한국
9791130699486,한국
9791167902931,한국
9791197671777,한국
9788937473135,한국
9788936434496,한국
9788937473289,한국
9788933801925,한국
9791161572055,한국
9788998441067,한국
9788925560960,한국
9791166839320,한국
9788937439933,한국
9791194654353,한국
9791169084369,한국
9791169083812,한국
9788960172586,한국
9791171711987,한국
9791161572062,한국
9788925560977,한국
9788934967804,한국
9791197063275,한국
9791170612322,한국
9788937441943,한국
9791141600877,한국
9788937420078,한국
9788950995461,한국
9791193078464,한국
9791194654933,한국
9791130664996,한국
9788952736253,한국
9788937473104,한국
9788954697484,한국
9791194654926,한국
9791130699493,한국
9788937479953,한국
9791188810727,한국
9791172132200,한국
9788934967811,한국
9791165345204,한국
9791130608945,한국
9791194330721,한국
9791167763846,한국
9791156758723,한국
9791170403265,한국
9788932015552,한국
9788932028477,한국
9788936434366,한국
9788937473173,한국
9791164798926,한국
9788958284475,한국
9788937462504,한국
9791141600785,한국
9788937461002,한국
9791160404203,한국
9791190999212,한국
9788954648523,한국
9791167763686,한국
9788993607017,한국
9791197346521,한국
9788936439231,한국
9788932025322,한국
9791170520634,한국
9791194654919,한국
9788937473074,한국
9791161572109,한국
9788936438609,한국
9788936434151,한국
9788954637800,한국
9788937473302,한국
9788936431419,한국
9788997870752,한국
9791165348274,한국
9791167371898,한국
9788956609454,한국
9791160404517,한국
9791193190364,한국
9791130699516,한국
9791130640266,한국
9788936434144,한국
9788965749202,한국
9791130699455,한국
9791197915956,한국
9788993607024,한국
9788954623315,한국
9791167763693,한국
9788993607093,한국
9791197915949,한국
9788925530727,한국
9791190489294,한국
9788993607031,한국
9791193235195,한국
9788954623414,한국
9791130651873,한국
9791193282526,한국
9788925564685,한국
9791167376602,한국
9791165348281,한국
9791193190296,한국
9791197915987,한국
9791197915963,한국
9788993607109,한국
9791130699523,한국
9791172132217,한국
9788949123523,한국
9788952738684,한국
9791193162316,한국
9788936434649,한국
9791160405422,한국
9791167140722,한국
9791172130374,한국
9791130646350,한국
9788993607055,한국
9791167900821,한국
9788993607048,한국
9788936477936,한국
9788937473197,한국
9788937464133,한국
9788954646567,한국
9791170960447,한국
9788993607086,한국
9791141602222,한국
9788993607079,한국
9788993607062,한국
9791197915970,한국
9788937427343,한국
9791162950333,한국
9788954658263,한국
9791130699769,한국
9791197063268,한국
9791162950340,한국
9791130699547,한국
9791167140739,한국
9788956600086,한국
9788965749219,한국
9788925564692,한국
9791171257515,한국
9791198809940,한국
9788956251622,한국
9791194654902,한국
9791194293286,한국
9791166836008,한국
9791160274509,한국
9791189982140,한국
9788960172890,한국
9791130699530,한국
9788954601948,한국
9788936434533,한국
9788937473296,한국
9788994353425,한국
9791169811248,한국
9791194654896,한국
9788936434625,한국
9788954671873,한국
9788954601986,한국
9791170522416,한국
9791194654803,한국
9788936434465,한국
9791170800484,한국
9788936438722,한국
9791190991117,한국
9791193591185,한국
9788954653060,한국
9788936434359,한국
9791141609313,한국
9788965744368,한국
9788932017150,한국
9791130699554,한국
9791196201968,한국
9788960172593,한국
9788936438999,한국
9791160274684,한국
9788925536828,한국
9791194643197,한국
9788936434090,한국
9791130663227,한국
9791130606392,한국
9788972759706,한국
9788954637237,한국
9791188547265,한국
9788954623247,한국
9791194654810,한국
9791191168112,한국
9791130699561,한국
9791167550255,한국
9791172132354,한국
9791167375353,한국
9791193078068,한국
9791158883980,한국
9791160947403,한국
9791130625881,한국
9791130698205,한국
9791194654889,한국
9788936438739,한국
9788932016078,한국
9791130699608,한국
9791160940596,한국
9788936439262,한국
9788937473227,한국
9791168127463,한국
9791194654872,한국
9791130699578,한국
9788936434274,한국
9791189433710,한국
9791197063251,한국
9788972751694,한국
9788932034577,한국
9791160273090,한국
9791160402247,한국
9791130699615,한국
9791157403530,한국
9788936433413,한국
9791193904084,한국
9788936433369,한국
9791194654858,한국
9791130699585,한국
9791197063244,한국
9788932035635,한국
9791172130879,한국
9788954698788,한국
9788965749226,한국
9791194654865,한국
9788954617253,한국
9791193024867,한국
9791130699639,한국
9788954641869,한국
9791141610326,한국
9791197063213,한국
9791192684260,한국
9791193185377,한국
9788965745723,한국
9788954623377,한국
9788933801802,한국
9791130699592,한국
9791161572123,한국
9791130699660,한국
9791130699646,한국
9788937473876,한국
9788936473242,한국
9791193031360,한국
9791197063220,한국
9788954623803,한국
9791130699622,한국
9788937473838,한국
9788954638241,한국
9791159350269,한국
9788954658164,한국
9788954623292,한국
9788954642040,한국
9788954601276,한국
9791164456239,한국
9788925589749,한국
9788954699235,한국
9791197760921,한국
9788965749431,한국
9791193551363,한국
9791193235423,한국
9791196201951,한국
9791191114348,한국
9788932015705,한국
9788936439255,한국
9791160406832,한국
9791197063237,한국
9788932036380,한국
9791160403008,한국
9788936433376,한국
9791193031018,한국
9791171251346,한국
9791130699653,한국
9791190749053,한국
9788933801796,한국
9788937472374,한국
9791191824391,한국
9791160946628,한국
9791192625652,한국
9791157404070,한국
9788965708322,한국
9791167902498,한국
9791158888251,한국
9791192684444,한국
9791161572185,한국
9791167372895,한국
9788954678148,한국
9788954643535,한국
9791141601256,한국
9791170402480,한국
9791191071030,한국
9788982815713,한국
9791194654971,한국
9791160408218,한국
9791165344337,한국
9791161692234,한국
9791190147880,한국
9788939206489,한국
9788937473975,한국
9788960172609,한국
9788967451622,한국
9788965749233,한국
9788932019161,한국
9788932016474,한국
9788954442145,한국
9788936434304,한국
9788936473235,한국
9788960172616,한국
9791130692883,한국
9788954654715,한국
9791194654841,한국
9791193235263,한국
9788954651059,한국
9791167375421,한국
9788936439644,한국
9791193185391,한국
9788954675321,한국
9788932018140,한국
9788933801956,한국
9791194654834,한국
9791193185384,한국
9788936432904,한국
9791190147996,한국
9788932015712,한국
9791130647975,한국
9791130640525,한국
9788965745617,한국
9791193128084,한국
9791193185407,한국
9791167763983,한국
9791130630793,한국
9788974564698,한국
9788933801871,한국
9791193024973,한국
9788956601311,한국
9791164052455,한국
9788932020976,한국
9788954452649,한국
9788954678766,한국
9791130630809,한국
9788965708339,한국
9788965745624,한국
9788959524082,한국
9791194654827,한국
9788963708478,한국
9791193185414,한국
9791160946789,한국
9788933801857,한국
9791130652030,한국
9788936433581,한국
9791191122916,한국
9791163164883,한국
9791127555344,한국
9788960172623,한국
9791159258466,한국
9788936431525,한국
9791170611509,한국
9788936438821,한국
9791170400776,한국
9791167370624,한국
9791186748138,한국
9788963014005,한국
9788937473364,한국
9791130637082,한국
9791170800477,한국
9788954610551,한국
9788932009797,한국
9791196347048,한국
9788937473128,한국
9788936439538,한국
9791190885362,한국
9788954674621,한국
9791160262414,한국
9791190885713,한국
9788954653558,한국
9788954699273,한국
9791141600952,한국
9791159258442,한국
9788954657556,한국
9791161572253,한국
9791190489188,한국
9788954672771,한국
9788933801536,한국
9788937473371,한국
9791168011267,한국
9788965745747,한국
9791161952314,한국
9791141601249,한국
9791191459234,한국
9791170611967,한국
9791193024362,한국
9788965749240,한국
9791193790939,한국
9788994197821,한국
9788959526192,한국
9788960172630,한국
9791166688706,한국
9791160263299,한국
9791192684284,한국
9788954675451,한국
9788932009803,한국
9791165797102,한국
9788959526185,한국
9788959136681,한국
9791168342712,한국
9788954691598,한국
9791171250172,한국
9791196199807,한국
9788933801864,한국
9791192603162,한국
9791188862375,한국
9788937473098,한국
9788949123141,한국
9788936433505,한국
9791156341574,한국
9788965749318,한국
9788959136698,한국
9791191029963,한국
9788936438647,한국
9791192641058,한국
9791141608224,한국
9788936434298,한국
9791141602048,한국
9791170610120,한국
9791193078488,한국
9791172740375,한국
9788936439040,한국
9791161571331,한국
9791167373441,한국
9788954623353,한국
9788954615037,한국
9788954613507,한국
9788936434663,한국
9788970126746,한국
9788972757962,한국
9788954620413,한국
9788933801758,한국
9791196214784,한국
9791141606442,한국
9788959526208,한국
9788959524099,한국
9788936436520,한국
9788954691529,한국
9788937473395,한국
9788965745761,한국
9788937473913,한국
9788965744665,한국
9791190090698,한국
9791196201975,한국
9788937441257,한국
9791167372017,한국
9788932020921,한국
9788933801932,한국
9791193790946,한국
9791170800644,한국
9791167371379,한국
9788937473012,한국
9791160947373,한국
9788965749257,한국
9788937489341,한국
9791141601553,한국
9791192641119,한국
9788954676281,한국
9791158881252,한국
9788937473043,한국
9791191824261,한국
9791190489751,한국
9791192641010,한국
9791167372024,한국
9788932014289,한국
9791189770617,한국
9791161572024,한국
9788997066803,한국
9788937473814,한국
9788982815492,한국
9788959526215,한국
9788954650168,한국
9791160405040,한국
9791190337533,한국
9788956609270,한국
9788959524136,한국
9791172132071,한국
9788937432941,한국
9788954452434,한국
9791167763723,한국
9788965746843,한국
9788959524112,한국
9788954623285,한국
9788936433901,한국
9791160947397,한국
9791198863850,한국
9791193506882,한국
9788965749264,한국
9788965746874,한국
9791187192176,한국
9788956609263,한국
9788935659241,한국
9791167763679,한국
9788965746836,한국
9788965746829,한국
9788959524129,한국
9788959524105,한국
9788963710037,한국
9788963710020,한국
9788954605670,한국
9791194171393,한국
9788954449298,한국
9791164286133,한국
9788936438487,한국
9788965749301,한국
9788925575285,한국
9791165793203,한국
9788954643511,한국
9788936434045,한국
9788950978761,한국
9791167140661,한국
9788936438654,한국
9788959524150,한국
9788954610681,한국
9791130652047,한국
9791170800460,한국
9791170522447,한국
9788936434632,한국
9788961772617,한국
9788936434427,한국
9788994353685,한국
9788954623384,한국
9788925579191,한국
9791167374486,한국
9788965743910,한국
9788959131761,한국
9788925575292,한국
9788936439446,한국
9791167763716,한국
9788936439194,한국
9791168123151,한국
9788959130665,한국
9788959524143,한국
9788932020600,한국
9788932008424,한국
9791130630830,한국
9788972750888,한국
9788972758907,한국
9788935659258,한국
9791170800583,한국
9791141601126,한국
9791160405255,한국
9791160947380,한국
9791160406207,한국
9788925589732,한국
9788965749387,한국
9788965749370,한국
9788932030647,한국
9788965705468,한국
9788935659296,한국
9788936480615,한국
9788936439224,한국
9788936439200,한국
9788936459574,한국
9791190090964,한국
9788952766045,한국
9791192684161,한국
9791196201982,한국
9791191193053,한국
9788965743965,한국
9788954613392,한국
9788982818684,한국
9791130662954,한국
9788936438364,한국
9788965744009,한국
9788965743996,한국
9788965705451,한국
9788954623308,한국
9788965744047,한국
9788933801949,한국
9788935659289,한국
9791161571782,한국
9791170800187,한국
9788936439217,한국
9788936438791,한국
9791158885250,한국
9788954654081,한국
9791160940572,한국
9788954637817,한국
9791130657820,한국
9791160947427,한국
9788954678674,한국
9788954640176,한국
9788954614566,한국
9788935659302,한국
9788935659272,한국
9788936434694,한국
9791141607272,한국
9788954698214,한국
9791160406122,한국
9788965749295,한국
9788965749271,한국
9791163160427,한국
9788954636933,한국
9788933801918,한국
9788957753354,한국
9791198334305,한국
9791170522409,한국
9788965743941,한국
9788972759461,한국
9791190489805,한국
9791130630847,한국
9791190473262,한국
9788965746867,한국
9788936439286,한국
9791170522423,한국
9788965743934,한국
9788972758921,한국
9788960172654,한국
9788935659265,한국
9788954450195,한국
9788954439916,한국
9788936434069,한국
9788933801833,한국
9791170800408,한국
9788965743972,한국
9788925589725,한국
9791158883966,한국
9788954611275,한국
9788954603225,한국
9791141607265,한국
9788925589329,한국
9788965743989,한국
9788925536897,한국
9788925555683,한국
9788994353647,한국
9788933801826,한국
9788984315297,한국
9788958282617,한국
9791170612421,한국
9791190473903,한국
9791190473897,한국
9791190473279,한국
9791171211791,한국
9788954696227,한국
9791159255502,한국
9788936434472,한국
9788965749288,한국
9788925536873,한국
9791158883973,한국
9788936433925,한국
9788954617482,한국
9791161692760,한국
9791169811545,한국
9788963195032,한국
9788937473265,한국
9791156624073,한국
9788965745785,한국
9791158881269,한국
9788954623407,한국
9788965744023,한국
9791191197433,한국
9791127555290,한국
9791164161867,한국
9788954648899,한국
9788960781931,한국
9788932024097,한국
9788987721576,한국
9791193282182,한국
9788932020884,한국
9788937473937,한국
9791165347758,한국
9791191193152,한국
9791167140012,한국
9788965743958,한국
9788965749332,한국
9788931011456,한국
9791158090630,한국
9788965744429,한국
9788936430566,한국
9791164455171,한국
9788950986735,한국
9791190090056,한국
9791196074425,한국
9788965745877,한국
9791130646961,한국
9791192579726,한국
9788965457183,한국
9791191071573,한국
9791160404265,한국
9788932014487,한국
9791194127086,한국
9791167374042,한국
9791192684482,한국
9791160404715,한국
9788925565873,한국
9788972759324,한국
9791104907630,한국
9788933801772,한국
9791193235416,한국
9791159258145,한국
9791167140685,한국
9791167550170,한국
9788965743927,한국
9788934984641,한국
9788936433529,한국
9788936430542,한국
9788997066841,한국
9791170800002,한국
9791160262063,한국
9788925565880,한국
9791158883812,한국
9788937442025,한국
9788936433611,한국
9791167140678,한국
9791130693972,한국
9788954445474,한국
9788965749363,한국
9788965749349,한국
9788950983215,한국
9788952779199,한국
9788932021072,한국
9788936430559,한국
9788942370085,한국
9791127555283,한국
9791130656366,한국
9791198503015,한국
9791167373618,한국
9791167901255,한국
9791191193251,한국
9788954620376,한국
9788954603232,한국
9788936430597,한국
9788936430573,한국
9788970126562,한국
9791193367100,한국
9791197760952,한국
9791193024300,한국
9791168341197,한국
9791192684192,한국
9791166687075,한국
9791170521976,한국
9788954699396,한국
9788965749356,한국
9791195949588,한국
9791158880378,한국
9791130606248,한국
9791186639047,한국
9788933801895,한국
9788933801888,한국
9791193282199,한국
9791193235225,한국
9791172130664,한국
9791191193947,한국
9791191193718,한국
9791167370952,한국
9788925579788,한국
9788932019307,한국
9791197332692,한국
9791167794956,한국
9788954450546,한국
9788954699044,한국
9791192684000,한국
9788925579214,한국
9791197332609,한국
9788925589664,한국
9788925589718,한국
9791190991070,한국
9788937473272,한국
9788952776464,한국
9788993964967,한국
9788965744702,한국
9788960178694,한국
9788960178687,한국
9788965744030,한국
9788936434038,한국
9791193710364,한국
9791163168492,한국
9788936434212,한국
9788954640152,한국
9788932020235,한국
9788932019178,한국
9788936430580,한국
9791172132538,한국
9791167902627,한국
9791170522386,한국
9791138587860,한국
9788954686006,한국
9788925589671,한국
9788959139767,한국
9788932020907,한국
9788989994237,한국
9791172740177,한국
9788954451819,한국
9791167374288,한국
9791159258152,한국
9791198148919,한국
9788936434229,한국
9788954623322,한국
9788954428453,한국
9788936436612,한국
9788932010595,한국
9788942370092,한국
9791168341227,한국
9791130647722,한국
9791166687372,한국
9791191193879,한국
9788983928306,한국
9788937473258,한국
9788982183638,한국
9791198288509,한국
9791160201536,한국
9788954673969,한국
9788965749875,한국
9791186340257,한국
9791186340240,한국
9788932019291,한국
9791193190326,한국
9791170612391,한국
9791167794949,한국
9791130650883,한국
9791167900296,한국
9788925589701,한국
9791188912834,한국
9788972759195,한국
9791160943146,한국
9788937442032,한국
9788936434687,한국
9788997066940,한국
9791193024263,한국
9791138587853,한국
9788936438357,한국
9788925589688,한국
9788933801765,한국
9788959522361,한국
9788972754503,한국
9791161693057,한국
9791168127432,한국
9791170402435,한국
9791198240330,한국
9791127508593,한국
9788937473333,한국
9788958282624,한국
9788972434207,한국
9788936439743,한국
9791167372864,한국
9788954646079,한국
9791190090018,한국
9791196222628,한국
9791141602024,한국
9788995151228,한국
9788965820475,한국
9791171717071,한국
9791168127012,한국
9791190174756,한국
9791194591368,한국
9791168127203,한국
9788932044057,한국
9788937461491,한국
9788954697941,한국
9791168340947,한국
9791160408331,한국
9788937428234,한국
9791168127128,한국
9788932023151,한국
9791168127500,한국
9791171717279,한국
9788960902572,한국
9788954695053,한국
9788936438029,한국
9788932043500,한국
9791171717330,한국
9791171717064,한국
9791191824216,한국
9788937442698,한국
9788954693615,한국
9791171717200,한국
9791168342934,한국
9791130664118,한국
9791141601102,한국
9791155351406,한국
9788932034560,한국
9788932027098,한국
9788932015972,한국
9791189228361,한국
9788954641630,한국
9791171717231,한국
9791171717224,한국
9791167901354,한국
9788965820499,한국
9791197325892,한국
9788932034812,한국
9788936437978,한국
9791168342880,한국
9791171717262,한국
9791190749527,한국
9788954449670,한국
9791168127081,한국
9791171717316,한국
9791168342569,한국
9791166687204,한국
9788932043531,한국
9788937460104,한국
9788936460341,한국
9788954680004,한국
9791168127166,한국
9791190749145,한국
9791167903013,한국
9788936438036,한국
9791168127234,한국
9788954651820,한국
9788987721118,한국
9791190749855,한국
9791196222642,한국
9791189503727,한국
9791196222635,한국
9791197021640,한국
9791171717019,한국
9788937463006,한국
9791171717248,한국
9791168127357,한국
9791168342958,한국
9788932018041,한국
9788965820482,한국
9791197903007,한국
9788932019154,한국
9788932034836,한국
9791165702175,한국
9788954673105,한국
9791171717217,한국
9788936437381,한국
9791168127319,한국
9788932039114,한국
9788933801840,한국
9791165700812,한국
9791196722012,한국
9791193024928,한국
9791171717033,한국
9791168127418,한국
9788979521146,한국
9791193024485,한국
9791189099152,한국
9791189099008,한국
9791160406504,한국
9788932034829,한국
9788954693462,한국
9788954449496,한국
9791168127067,한국
9791198275028,한국
9791168127104,한국
9788965880776,한국
9791190749138,한국
9791196074470,한국
9791171714117,한국
9788954655835,한국
9788937460203,한국
9788954699716,한국
9788936439682,한국
9791166686603,한국
9791192085241,한국
9791190594035,한국
9788932015941,한국
9791196090227,한국
9791193024652,한국
9788994475462,한국
9788965881414,한국
9788932035710,한국
9791189099015,한국
9788954699723,한국
9791165702816,한국
9791165700652,한국
9791168127494,한국
9791191193237,한국
9788932008806,한국
9788937420115,한국
9791192638379,한국
9788932035673,한국
9788954692526,한국
9788965881957,한국
9791165701789,한국
9791141601737,한국
9788998441043,한국
9791189099145,한국
9788954675574,한국
9788965880769,한국
9788937441912,한국
9788960907003,한국
9788954640756,한국
9791142709364,한국
9788932020815,한국
9788954688994,한국
9791171717286,한국
9791168127173,한국
9791190090193,한국
9788932017921,한국
9788932043142,한국
9791165701222,한국
9788954638746,한국
9791193024959,한국
9791171717088,한국
9788994353470,한국
9791193024782,한국
9791168127364,한국
9791168127197,한국
9791165702144,한국
9791192836836,한국
9791168127043,한국
9791168127098,한국
9788936439767,한국
9788994006826,한국
9788932020877,한국
9791165700171,한국
9788936439170,한국
9791170321057,한국
9791191114256,한국
9788965880783,한국
9791168127036,한국
9791165702137,한국
9788939205291,한국
9788936437459,한국
9791168127425,한국
9791193024140,한국
9788936437541,한국
9788954686921,한국
9791130666860,한국
9791168127258,한국
9788954694148,한국
9791168127159,한국
9791193773031,한국
9788954447546,한국
9788932028705,한국
9788936436667,한국
9788956600086,한국
9791141610258,한국
9791141600143,한국
9788936438890,한국
9788932041919,한국
9791168127395,한국
9788970125947,한국
9788932017938,한국
9788954682855,한국
9791193235539,한국
9791158887254,한국
9791164453993,한국
9788965880752,한국
9788936434441,한국
9788932018225,한국
9791160404944,한국
9791167374462,한국
9788932042992,한국
9788932018386,한국
9791167902863,한국
9788937479779,한국
9788954623421,한국
9788932038452,한국
9791167901972,한국
9791193078426,한국
9791141601508,한국
9788960907348,한국
9788932020846,한국
9791171714131,한국
9791170402282,한국
9788965881421,한국
9788970125640,한국
9791168341432,한국
9788937442988,한국
9788954698375,한국
9788932036014,한국
9791171713387,한국
9791171717255,한국
9788954643306,한국
9791156620129,한국
9788932020938,한국
9788936437237,한국
9788987721125,한국
9791141610326,한국
9788932043395,한국
9791171717187,한국
9788932034591,한국
9791190749473,한국
9788954694773,한국
9788932016696,한국
9791189099060,한국
9788965881322,한국
9791156621744,한국
9788936456481,한국
9788954699808,한국
9788936438432,한국
9788965881407,한국
9788982819926,한국
9791168341630,한국
9791171717057,한국
9788932015569,한국
9788954606905,한국
9791172130657,한국
9788932043364,한국
9788965881384,한국
9788965880738,한국
9788932043470,한국
9791168127180,한국
9788965881353,한국
9788954451505,한국
9791165508845,한국
9791193078433,한국
9788965880806,한국
9791190749176,한국
9788932015965,한국
9788936438456,한국
9788971998984,한국
9788936439750,한국
9788937413810,한국
9791168127289,한국
9788927806936,한국
9788932021003,한국
9788954602280,한국
9791171717132,한국
9788937420047,한국
9788936439552,한국
9791196328443,한국
9788932041438,한국
9791193646052,한국
9791170611523,한국
9788932042824,한국
9788936438418,한국
9788994006260,한국
9788936439507,한국
9791170612216,한국
9788936437220,한국
9791187192343,한국
9791171717309,한국
9788954672221,한국
9791167372703,한국
9788954651127,한국
9791130822211,한국
9788932015538,한국
9788932030616,한국
9788954679930,한국
9788932019994,한국
9788954684736,한국
9788937439742,한국
9788954652865,한국
9788954695176,한국
9788932041339,한국
9791191193695,한국
9791157404438,한국
9791191824193,한국
9788970125336,한국
9788932018867,한국
9788987721194,한국
9791141601225,한국
9788954601931,한국
9788932015606,한국
9791171717293,한국
9788954670630,한국
9788932034614,한국
9788937436758,한국
9788932035338,한국
9788937461255,한국
9788964362815,한국
9788954698047,한국
9791159255250,한국
9791190749442,한국
9791167375490,한국
9788937417351,한국
9788970124841,한국
9788936431167,한국
9788954684682,한국
9788932040486,한국
9791171717125,한국
9791190298018,한국
9791172633769,한국
9788932038247,한국
9788965880790,한국
9791168342781,한국
9788936437404,한국
9788965881377,한국
9788932042633,한국
9788954635257,한국
9791167902160,한국
9791130637167,한국
9791170612377,한국
9788954623254,한국
9788965881391,한국
9788954696456,한국
9791191842517,한국
9788954448574,한국
9788954695190,한국
9788954657211,한국
9788936431150,한국
9788936439019,한국
9788954677707,한국
9788954658720,한국
9788966802548,한국
9791193078235,한국
9788954679480,한국
9788954685887,한국
9788954648929,한국
9788932015699,한국
9788954691741,한국
9788954675376,한국
9788960905481,한국
9788954623230,한국
9788936436957,한국
9788954648882,한국
9791190382212,한국
9791171717002,한국
9791190298322,한국
9788932014289,한국
9788960908925,한국
9791168127333,한국
9788982815492,한국
9791127245160,한국
9788970637778,한국
9788932019208,한국
9788932015729,한국
9788954646727,한국
9788932023939,한국
9788987721231,한국
9791170612131,한국
9788954622905,한국
9788967998554,한국
9788954694179,한국
9788954601924,한국
9791193078006,한국
9791164052011,한국
9788925579283,한국
9791192638171,한국
9788932039855,한국
9788936438425,한국
9788932037714,한국
9788936437534,한국
9788932039060,한국
9791190174671,한국
9791170611844,한국
9791160079180,한국
9788932040295,한국
9788932027173,한국
9788932015446,한국
9788984356214,한국
9788932042350,한국
9788965881360,한국
9791167375070,한국
9791172131524,한국
9788960908123,한국
9788994353906,한국
9788954655811,한국
9791155351413,한국
9788954640169,한국
9788954607575,한국
9791168127050,한국
9791168127029,한국
9791196554859,한국
9788932029092,한국
9788954640145,한국
9788954601979,한국
9788937420030,한국
9788936438111,한국
9788984356207,한국
9788932016689,한국
9791191114362,한국
9791156621843,한국
9791171717156,한국
9791188047314,한국
9788965881933,한국
9788954603973,한국
9791186686348,한국
9788936438142,한국
9788954657983,한국
9788932021850,한국
9788954680431,한국
9788954680417,한국
9788954639255,한국
9791199242500,한국
9788932017754,한국
9788932039237,한국
9788954608824,한국
9788937420061,한국
9791160949070,한국
9788932038230,한국
9788982641404,한국
9788954610605,한국
9788932043388,한국
9788937428104,한국
9791193024423,한국
9788932041513,한국
9788954623261,한국
9788954617383,한국
9788937420573,한국
9791190337724,한국
9788994006956,한국
9791167902375,한국
9788954671583,한국
9791156620068,한국
9788994006987,한국
9791185585819,한국
9791162207550,한국
9788932042039,한국
9788937427909,한국
9791187192725,한국
9788972755661,한국
9788956405230,한국
9788987721576,한국
9788954606080,한국
9788959754281,한국
9791185823355,한국
9791192638072,한국
9788965881711,한국
9788932009872,한국
9788949301990,한국
9788936436537,한국
9788936438708,한국
9788954678407,한국
9791190298049,한국
9791160261264,한국
9788932030623,한국
9788937429224,한국
9788932014487,한국
9791191438031,한국
9791156229032,한국
9791191193534,한국
9788994796741,한국
9788932044026,한국
9788932035703,한국
9791170612490,한국
9788954699006,한국
9791190090643,한국
9788960903128,한국
9788970126586,한국
9791199146617,한국
9791171717026,한국
9791165702496,한국
9788954688697,한국
9791190908535,한국
9788932023267,한국
9788954683739,한국
9791190174909,한국
9788932027425,한국
9788937420054,한국
9791198942937,한국
9788936439569,한국
9791192159096,한국
9791191114010,한국
9788954657952,한국
9788954637046,한국
9788970129006,한국
9788932030609,한국
9788970129631,한국
9788967998646,한국
9791191433647,한국
9788937456039,한국
9788954448444,한국
9791158882983,한국
9788954637107,한국
9788936437169,한국
9791189433437,한국
9788994353463,한국
9788954620666,한국
9788982181573,한국
9791173550393,한국
9791160409932,한국
9788954447485,한국
9788954677592,한국
9791190337403,한국
9791196347031,한국
9788970128849,한국
9788970127385,한국
9788973811779,한국
9788993241778,한국
9788925588889,한국
9788955889604,한국
9788936437473,한국
9788932019185,한국
9788936436612,한국
9788954451956,한국
9791160946895,한국
9788970129792,한국
9788937429163,한국
9788936437329,한국
9788954623346,한국
9788954623278,한국
9788970128450,한국
9791189271008,한국
9788970129495,한국
9788954636544,한국
9788954623339,한국
9788933801734,한국
9788936437022,한국
9791193078020,한국
9791163165026,한국
9791191842432,한국
9791160077414,한국
9791189356231,한국
9788954640190,한국
9788965881940,한국
9788937420016,한국
9791171717354,한국
9791194127109,한국
9791168127135,한국
9791167901477,한국
9791130638362,한국
9791173183324,한국
9788932924915,한국
9791171717163,한국
9791159257070,한국
9788932027951,한국
9791197932243,한국
9791167901347,한국
9791160262926,한국
9791155351314,한국
9788954636179,한국
9788984353169,한국
9791167902412,한국
9791163161653,한국
9788901049847,한국
9788932015590,한국
9788954451895,한국
9788936439514,한국
9791198023384,한국
9788954610797,한국
9788932016870,한국
9788970129983,한국
9788954644990,한국
9788965881926,한국
9788936436797,한국
9791167373366,한국
9788954674805,한국
9791187192749,한국
9788954646376,한국
9788932020969,한국
9788972758013,한국
9788994006192,한국
9788954619394,한국
9788954614658,한국
9788960900523,한국
9788932015583,한국
9788970126241,한국
9791171717323,한국
9791193024522,한국
9788960908277,한국
9788954448864,한국
9791130813639,한국
9788954650694,한국
9788978893664,한국
9791186356197,한국
9791156620594,한국
9788984350168,한국
9791197993480,한국
9788954685061,한국
9791189128197,한국
9788937439162,한국
9788954644952,한국
9788970129136,한국
9788970122847,한국
9791189433888,한국
9788932038445,한국
9791162101063,한국
9788954648875,한국
9788994353883,한국
9788994217154,한국
9788986607833,한국
9788932017983,한국
9788936431143,한국
9791156620853,한국
9788937427961,한국
9791197346538,한국
9791165796020,한국
9788954679466,한국
9788954658416,한국
9788932035406,한국
9788937420023,한국
9788932015736,한국
9791168342613,한국
9791198085917,한국
9788954679732,한국
9788946473317,한국
9788954658447,한국
9788972758310,한국
9788956606057,한국
9788960178809,한국
9791193412930,한국
9791192638522,한국
9791158589868,한국
9791168127326,한국
9788925588872,한국
9788937420559,한국
9788954656429,한국
9788965746126,한국
9788932020839,한국
9788974112578,한국
9791199022904,한국
9791156626961,한국
9791157403981,한국
9791191910117,한국
9791167901507,한국
9791169250726,한국
9788982182938,한국
9791189128791,한국
9791164050710,한국
9788937420511,한국
9791189982614,한국
9788954624053,한국
9788932022345,한국
9788936437121,한국
9788932002750,한국
9788970126579,한국
9791171717118,한국
9791193739006,한국
9788932041995,한국
9791196347024,한국
9788967993320,한국
9788932029955,한국
9791156621188,한국
9788994475486,한국
9788936435882,한국
9788936437091,한국
9788932016757,한국
9791161693439,한국
9791168127470,한국
9791166836114,한국
9788982183089,한국
9791167370921,한국
9791190492829,한국
9788994353623,한국
9788970128351,한국
9791167902023,한국
9788954672023,한국
9788936438760,한국
9791189982072,한국
9791156620877,한국
9788970128658,한국
9788982181566,한국
9788932020495,한국
9788954610636,한국
9788954451406,한국
9791166688058,한국
9791190090896,한국
9791158888916,한국
9788954440189,한국
9791187300984,한국
9788994353876,한국
9788936436742,한국
9788937464461,한국
9791168342316,한국
9791130821368,한국
9791168127241,한국
9791168127074,한국
9791157403592,한국
9791191910070,한국
9791164844616,한국
9788954448338,한국
9788954681476,한국
9791155351390,한국
9788932030630,한국
9791156621270,한국
9788932020525,한국
9788932019215,한국
9788932019239,한국
9788946416390,한국
9788932013442,한국
9791167373106,한국
9791191029628,한국
9791167370594,한국
9791187886600,한국
9788932037523,한국
9788936437336,한국
9788994006864,한국
9788994006277,한국
9788973377619,한국
9788982815508,한국
9788970123783,한국
9791172632212,한국
9791168341968,한국
9788954449946,한국
9791189836504,한국
9791193024126,한국
9788932041421,한국
9788978895248,한국
9791165701796,한국
9791190090575,한국
9788954671545,한국
9788960905917,한국
9791160261271,한국
9788936437527,한국
9788932029849,한국
9788936437268,한국
9788954602587,한국
9788982180644,한국
9788970122045,한국
9788954452489,한국
9791194366157,한국
9791160408461,한국
9791191029437,한국
9788937444432,한국
9791191029055,한국
9788954442732,한국
9788937491351,한국
9791188047543,한국
9791168552791,한국
9791170612049,한국
9791167372871,한국
9788954691000,한국
9788932041049,한국
9788937472213,한국
9788925588865,한국
9788932037981,한국
9788950993023,한국
9791189680213,한국
9788932035581,한국
9788932034645,한국
9791156623564,한국
9788955967951,한국
9791156623090,한국
9788932027692,한국
9788994353456,한국
9788936436896,한국
9788970123141,한국
9791159059957,한국
9791197746055,한국
9791165373566,한국
9791156626343,한국
9791141014742,한국
9791167372451,한국
9791192085340,한국
9791160407525,한국
9791167900791,한국
9788932026664,한국
9788994006994,한국
9788994006291,한국
9788983715456,한국
9791197675423,한국
9791197137884,한국
9791167901903,한국
9791170522454,한국
9791167372611,한국
9791156227564,한국
9788932039510,한국
9791191193299,한국
9791158889616,한국
9791165508937,한국
9791190174954,한국
9791190473200,한국
9791127232443,한국
9788994207889,한국
9788954648660,한국
9791160260427,한국
9788936473365,한국
9788932026183,한국
9788954622479,한국
9788954622165,한국
9788972755272,한국
9788974112509,한국
9788954607612,한국
9788936436858,한국
9791190168991,한국
9791193914595,한국
9791198355102,한국
9791170522737,한국
9788954686259,한국
9791158772642,한국
9791158886301,한국
9791128830792,한국
9788954656313,한국
9791155351451,한국
9791158884314,한국
9791128830648,한국
9791155351352,한국
9791156620648,한국
9788991167247,한국
9788936437015,한국
9791198481726,한국
9791165086022,한국
9791165085544,한국
9791163163756,한국
9791170520740,한국
9791130679402,한국
9791130630144,한국
9788936437992,한국
9791189099138,한국
9788972759270,한국
9791188047208,한국
9788932030098,한국
9791187206347,한국
9791156620778,한국
9788966804108,한국
9788972754732,한국
9788964063378,한국
9788992650144,한국
9788936436971,한국
9788990978486,한국
9788932008554,한국
9788990878502,한국
9791192333359,한국
9791159056130,한국
9788932038407,한국
9791189128807,한국
9788936437664,한국
9791155351369,한국
9791155351345,한국
9788932030326,한국
9788994006802,한국
9788932018690,한국
9791198950109,한국
9791198950116,한국
9791170612339,한국
9791165121013,한국
9791193238424,한국
9791198392435,한국
9791158773588,한국
9791197878138,한국
9791163169017,한국
9788932041315,한국
9791141004309,한국
9791191193664,한국
9791137292246,한국
9791137281417,한국
9788932035918,한국
9788965455738,한국
9791127244750,한국
9788936460402,한국
9788936437497,한국
9791196075187,한국
9788932021119,한국
9788932021102,한국
9788972757597,한국
9791156620686,한국
9788994353890,한국
9791156620471,한국
9788954625258,한국
9788956607900,한국
9791185742014,한국
9788954620932,한국
9788937487309,한국
9788994006765,한국
9788960239517,한국
9788972755180,한국
9788993104530,한국
9791198570543,한국
9791194276708,한국
9791168613799,한국
9791166688522,한국
9788930107822,한국
9791193304976,한국
9791163165835,한국
9788954449281,한국
9791168611054,한국
9788932040028,한국
9791197254291,한국
9791191111323,한국
9791196843380,한국
9791189178529,한국
9791137259645,한국
9791191306071,한국
9791197038747,한국
9791197038754,한국
9791165393281,한국
9791188862665,한국
9791190168076,한국
9791159922596,한국
9791159922602,한국
9788972758822,한국
9788936473372,한국
9788936437411,한국
9788960175501,한국
9788957078099,한국
9791185742120,한국
9791156620136,한국
9791155640036,한국
9788972885016,한국
9788993838176,한국
9788932022895,한국
9788956408989,한국
9788972755531,한국
9788972754589,한국
9788972754213,한국
9788956402406,한국
9788908061033,한국
9788937461033,일본
9791191043297,일본
9788937434488,일본
9791191043754,일본
9791194654063,일본
9791167901484,일본
9788990982704,일본
9788937460616,일본
9791191043976,일본
9791164455263,일본
9791193358245,일본
9791191043723,일본
9788972750031,일본
9788934972204,일본
9791192579450,일본
9791192483238,일본
9788970125466,일본
9788970125473,일본
9791192579504,일본
9788934975137,일본
9791191043419,일본
9788990982575,일본
9788992036962,일본
9788952776044,일본
9791194293415,일본
9791198809902,일본
9791191043532,일본
9788932317960,일본
9791194293705,일본
9788960174191,일본
9788954699075,일본
9788901215907,일본
9791193262047,일본
9788970123691,일본
9791192738482,일본
9791192403076,일본
9791170611561,일본
9788937463594,일본
9791193358146,일본
9791190669603,일본
9788954608640,일본
9788932316758,일본
9791157107223,일본
9788954611800,일본
9791197708572,일본
9788954608657,일본
9791167373427,일본
9788925577128,일본
9788937463105,일본
9788975270062,일본
9788972757573,일본
9788954617710,일본
9791198089700,일본
9788952775184,일본
9788972757085,일본
9791192579887,일본
9788937487927,일본
9791193358849,일본
9791189571894,일본
9788937463822,일본
9788932316765,일본
9788934996309,일본
9791193262214,일본
9788937464522,일본
9788970125954,일본
9788990982612,일본
9788934943860,일본
9791169791977,일본
9791191043617,일본
9791158790769,일본
9791138483049,일본
9788990982629,일본
9788937461606,일본
9791138483650,일본
9788931024340,일본
9791190885928,일본
9791167902573,일본
9788932923918,일본
9788954617727,일본
9788937460555,일본
9788970125220,일본
9791192101149,일본
9788954640473,일본
9788954617734,일본
9788970120935,일본
9788954609128,일본
9791168220836,일본
9791193358689,일본
9788956601021,일본
9788993690286,일본
9788937479625,일본
9791158792367,일본
9791165075064,일본
9788952235268,일본
9791158792183,일본
9788937439322,일본
9788994343082,일본
9791170610182,일본
9788937479632,일본
9788972750093,일본
9791160073522,일본
9788932403526,일본
9788972759546,일본
9791193358702,일본
9788925566009,일본
9788954646130,일본
9791194293644,일본
9791197708589,일본
9788990982674,일본
9791136214355,일본
9788937479830,일본
9788959135172,일본
9788950978976,일본
9791198288202,일본
9791138400428,일본
9788954646123,일본
9788949702926,일본
9791198288219,일본
9791136253453,일본
9791193873076,일본
9788990982278,일본
9788970120362,일본
9788970125435,일본
9788970125428,일본
9788990982513,일본
9791167373724,일본
9791141601515,일본
9791141601522,일본
9788972750086,일본
9791136278630,일본
9791191803358,일본
9788954622615,일본
9791189571184,일본
9788972750048,일본
9788972756125,일본
9788959139224,일본
9788972758303,일본
9788972750024,일본
9788901216270,일본
9788925569130,일본
9791142303821,일본
9788963724355,일본
9791192483191,일본
9791165077259,일본
9791198183002,일본
9791167901996,일본
9788925577609,일본
9788970125190,일본
9791160274479,일본
9788970125183,일본
9791160076141,일본
9791193235447,일본
9791163898078,일본
9791166113239,일본
9788998274412,일본
9791157108718,일본
9788932317045,일본
9788998046538,일본
9788959528158,일본
9791197708565,일본
9791130650913,일본
9791190157391,일본
9788954640268,일본
9788932316772,일본
9791160274660,일본
9788956606798,일본
9788976047113,일본
9791193324295,일본
9791167374837,일본
9788954617437,일본
9791167374820,일본
9788972758990,일본
9788990785985,일본
9788990982780,일본
9791193149232,일본
9788972750062,일본
9791193324318,일본
9788970123561,일본
9791192738260,일본
9788972751496,일본
9788972751502,일본
9791189571993,일본
9791171713622,일본
9791192579689,일본
9788925591711,일본
9788954642651,일본
9788954682367,일본
9788932317052,일본
9791193262382,일본
9791160274486,일본
9791167902962,일본
9791130697406,일본
9788972750055,일본
9791138483995,일본
9788990982940,일본
9788934980421,일본
9791138410724,일본
9791158791056,일본
9791141606718,일본
9791167902979,일본
9791192483146,일본
9791160274684,일본
9791192738406,일본
9791185051673,일본
9791130653891,일본
9788949702919,일본
9791190157537,일본
9788990982391,일본
9788954623629,일본
9788954622622,일본
9788937464294,일본
9788954635936,일본
9791193358658,일본
9788954646734,일본
9788954690614,일본
9788976045553,일본
9791191803150,일본
9788954645065,일본
9788973223558,일본
9788937479823,일본
9791171258284,일본
9788954645072,일본
9791190669696,일본
9791190157346,일본
9788989722809,일본
9788949702933,일본
9788937464300,일본
9788957072950,일본
9788950977795,일본
9788954690652,일본
9791173320545,일본
9788901208251,일본
9791158792145,일본
9788976045232,일본
9788991503236,일본
9788954690645,일본
9791158792312,일본
9788934990062,일본
9791192579276,일본
9791193078174,일본
9788972750000,일본
9788934995289,일본
9791190582483,일본
9791130689241,일본
9791191803426,일본
9788954690638,일본
9788950995928,일본
9788937463747,일본
9791190157544,일본
9791191071115,일본
9788937460876,일본
9788956602158,일본
9791190157803,일본
9788949702940,일본
9791197916472,일본
9791164456765,일본
9791133486816,일본
9788901223421,일본
9791190157407,일본
9788937463730,일본
9791160274516,일본
9791192579153,일본
9791160263329,일본
9791192579573,일본
9791194293095,일본
9788932317465,일본
9788937830891,일본
9788937464188,일본
9788937463723,일본
9791193635100,일본
9791192579160,일본
9791130692739,일본
9788954445306,일본
9788934971627,일본
9788971848517,일본
9788937479861,일본
9791168415737,일본
9788937472930,일본
9791171245246,일본
9791140708833,일본
9791190157780,일본
9788931010152,일본
9788925566382,일본
9788931022933,일본
9788954651936,일본
9791193149287,일본
9791134818913,일본
9788931011494,일본
9791165347123,일본
9791196895068,일본
9788960171091,일본
9791140709816,일본
9791192313573,일본
9788931019605,일본
9788952790712,일본
9788952777881,일본
9788960171084,일본
9791193358870,일본
9788959527748,일본
9788949702957,일본
9791190885379,일본
9791192738543,일본
9791170612254,일본
9791130648422,일본
9791172458492,일본
9791188907359,일본
9788954611893,일본
9788994343457,일본
9791140712977,일본
9791138483667,일본
9788937433207,일본
9788949702964,일본
9788990982872,일본
9788965740322,일본
9788937482816,일본
9791193149034,일본
9788965740315,일본
9788925564746,일본
9788954643610,일본
9791165791438,일본
9791193358078,일본
9791191290295,일본
9788990982865,일본
9788954626156,일본
9788925849157,일본
9791165071011,일본
9788959138524,일본
9791194293361,일본
9791170610984,일본
9791169792004,일본
9791138413251,일본
9791167372628,일본
9791136234414,일본
9791196814342,일본
9791127850555,일본
9788925849171,일본
9791193358801,일본
9791160263343,일본
9791193358092,일본
9791169791984,일본
9791130681429,일본
9788950985424,일본
9791158880019,일본
9791162207567,일본
9788987911007,일본
9791189692032,일본
9791193873021,일본
9788934949015,일본
9788956051079,일본
9791138059084,일본
9791194654087,일본
9788959130818,일본
9791155642016,일본
9788937479847,일본
9788956051086,일본
9791167375254,일본
9791192738352,일본
9788925576701,일본
9788932317021,일본
9788949703091,일본
9791192313474,일본
9788932317038,일본
9791130651682,일본
9791136234452,일본
9788936464288,일본
9788937479854,일본
9791192603360,일본
9791130645490,일본
9791191783087,일본
9788952753052,일본
9788949703114,일본
9788934941040,일본
9791165079017,일본
9788963720180,일본
9788959528264,일본
9791161902166,일본
9791193873083,일본
9791167374226,일본
9788932912769,일본
9791185051710,일본
9788998046514,일본
9788925592770,일본
9788932909677,일본
9788990982735,일본
9788925562520,일본
9791160071955,일본
9788970129976,일본
9788954626477,일본
9791189581640,일본
9788937456725,일본
9791193357613,일본
9791193149386,일본
9791189356521,일본
9788954610186,일본
9791191803242,일본
9791191043365,일본
9791136234421,일본
9788932317489,일본
9788954636797,일본
9788960171190,일본
9788954609654,일본
9791192313597,일본
9788954642149,일본
9791185014395,일본
9788935610297,일본
9791158792121,일본
9788950995546,일본
9791186634264,일본
9791130697819,일본
9791169794077,일본
9791160076172,일본
9788932909684,일본
9791130659350,일본
9788954695688,일본
9791167372208,일본
9791191910056,일본
9788994343723,일본
9791194293903,일본
9791170870852,일본
9791189660833,일본
9788954634847,일본
9791171240593,일본
9791190187237,일본
9788956601618,일본
9791158791735,일본
9788934984535,일본
9791195704866,일본
9788925579245,일본
9791197103254,일본
9788998046521,일본
9791160272994,일본
9788932317472,일본
9791192603582,일본
9788976046178,일본
9791189571023,일본
9788973223404,일본
9788934984566,일본
9788925861111,일본
9788973223138,일본
9788934984559,일본
9788931010732,일본
9788932017457,일본
9791193149461,일본
9791161110745,일본
9791136234391,일본
9788954638234,일본
9788973223145,일본
9788952775498,일본
9788949703121,일본
9788954637268,일본
9788935610280,일본
9791173321160,일본
9791190015660,일본
9788976046680,일본
9791138419727,일본
9791191248302,일본
9788932038360,일본
9788954636780,일본
9788976042095,일본
9791168223509,일본
9788990982834,일본
9788954653909,일본
9788973223169,일본
9788932017464,일본
9791167902801,일본
9788976046208,일본
9791138415477,일본
9788990982711,일본
9788932317977,일본
9791191071016,일본
9788936464172,일본
9788973223176,일본
9791167374400,일본
9788954626460,일본
9791192579702,일본
9788947548403,일본
9788954679336,일본
9791189995096,일본
9788956594644,일본
9791130692869,일본
9791192143453,일본
9788973223152,일본
9791193149140,일본
9791192738192,일본
9791192579313,일본
9791158790875,일본
9791192313450,일본
9791189571160,일본
9788932316741,일본
9791141607869,일본
9791130671055,일본
9791193149256,일본
9791160263121,일본
9791130637099,일본
9791189571351,일본
9788956609393,일본
9788949703152,일본
9791168222892,일본
9791189571290,일본
9788973223411,일본
9791194654568,일본
9791190298889,일본
9788954621267,일본
9791193873045,일본
9791138422277,일본
9791191253313,일본
9788998274948,일본
9788901220352,일본
9788954621250,일본
9788976047168,일본
9791193324509,일본
9788932040950,일본
9791189571627,일본
9791186634271,일본
9791158792305,일본
9788925574721,일본
9791171172931,일본
9791192313290,일본
9791189686543,일본
9788952237019,일본
9788990982667,일본
9791187036005,일본
9791192483214,일본
9791189571726,일본
9791190473729,일본
9791136264473,일본
9788937490538,일본
9791173321177,일본
9791193939215,일본
9788976045683,일본
9788932316789,일본
9788966803682,일본
9788949707143,일본
9788949707150,일본
9788954610032,일본
9788937403255,일본
9791138481236,일본
9791136231543,일본
9791189571078,일본
9788932317984,일본
9788973223459,일본
9788973223442,일본
9791194330486,일본
9791192313412,일본
9791127850104,일본
9788934981749,일본
9788973223435,일본
9788990982377,일본
9788954601290,일본
9791193149416,일본
9791190187350,일본
9788934975151,일본
9788925563718,일본
9791186634288,일본
9788926793657,일본
9788937403828,일본
9791192313528,일본
9791189571870,일본
9788990982544,일본
9788973223428,일본
9791193324325,일본
9791141606824,일본
9788954640183,일본
9788954621472,일본
9788952746795,일본
9788925563206,일본
9788956050850,일본
9791193506752,일본
9788950969608,일본
9788998791070,일본
9788976047236,일본
9788976047069,일본
9791192738345,일본
9791167183613,일본
9791169792035,일본
9788956609386,일본
9788926794234,일본
9788998791049,일본
9788991931893,일본
9791170962199,일본
9788934946342,일본
9788932405056,일본
9791189413484,일본
9788934982968,일본
9788925562957,일본
9788926793633,일본
9788937483868,일본
9791173321641,일본
9791194330134,일본
9791193149201,일본
9788954688536,일본
9788954699761,일본
9791189571429,일본
9788954676342,일본
9788954637725,일본
9788954636735,일본
9788998791032,일본
9791198853929,일본
9788954697798,일본
9791158930950,일본
9788954637732,일본
9788954609098,일본
9788954608138,일본
9788954699785,일본
9791159318399,일본
9791190156240,일본
9788932035024,일본
9788990982568,일본
9788937403651,일본
9791130655154,일본
9791167373489,일본
9791191200270,일본
9788990982889,일본
9788936456801,일본
9788954621748,일본
9788952769077,일본
9788956603186,일본
9788990982308,일본
9788954605205,일본
9788949703510,일본
9788954642484,일본
9788920045462,일본
9791192603650,일본
9788934981282,일본
9788976045843,일본
9791188762378,일본
9791158886837,일본
9788925564678,일본
9788926712870,일본
9788990982476,일본
9791191783100,일본
9791192738208,일본
9791189571863,일본
9791190157384,일본
9791189571061,일본
9791189995102,일본
9788954621731,일본
9791199175204,일본
9791192738277,일본
9791192025131,일본
9791191200522,일본
9788934980186,일본
9788950982706,일본
9791136234445,일본
9791196123420,일본
9788991931756,일본
9788954606011,일본
9791193149454,일본
9791192313634,일본
9788925562964,일본
9788998791711,일본
9788991931763,일본
9791193149393,일본
9791198385970,일본
9788947549103,일본
9791190156233,일본
9788998791766,일본
9788926766095,일본
9788952760319,일본
9791193149447,일본
9791198631541,일본
9791138418409,일본
9791187036388,일본
9788998791674,일본
9788936464417,일본
9791193149409,일본
9791193149065,일본
9791192313108,일본
9791168340145,일본
9788998046910,일본
9791189571368,일본
9788967442088,일본
9791195061471,일본
9788935658046,일본
9791189995119,일본
9788935651245,일본
9791192488424,일본
9791197224263,일본
9791138436083,일본
9791197103209,일본
9791162207093,일본
9791185014470,일본
9788960172371,일본
9788991931572,일본
9788925560502,일본
9788937490545,일본
9788952750617,일본
9791192025209,일본
9791192738178,일본
9791167182333,일본
9788983085863,일본
9791189571702,일본
9791190015370,일본
9788952758507,일본
9791193324165,일본
9788954696203,일본
9791160261844,일본
9791189995126,일본
9788991931800,일본
9791194381396,일본
9791192025162,일본
9791169448550,일본
9791190015813,일본
9791189571542,일본
9788954671101,일본
9788959527243,일본
9788950974275,일본
9791186634295,일본
9788990982605,일본
9788936464370,일본
9788956252209,일본
9788987162478,일본
9788952758514,일본
9791193130810,일본
9788972773795,일본
9791127460808,일본
9791189571788,일본
9791168210134,일본
9788950988470,일본
9791196123482,일본
9788990982537,일본
9788991931992,일본
9791171257997,일본
9791159319181,일본
9791165798246,일본
9788937417979,일본
9791185851068,일본
9788998791971,일본
9788937439339,일본
9788954640480,일본
9791186634318,일본
9791186634301,일본
9788949703756,일본
9788954450324,일본
9788934942689,일본
9791159922497,일본
9791188554195,일본
9788991931862,일본
9788991931480,일본
9788935651221,일본
9791193873069,일본
9791127468484,일본
9788972773832,일본
9791198288226,일본
9791159923708,일본
9791189571276,일본
9791196756857,일본
9788972758037,일본
9788952775214,일본
9788954615426,일본
9791193324301,일본
9791127462345,일본
9791127462338,일본
9788965965084,일본
9791186634325,일본
9788959758265,일본
9788949703701,일본
9791194293828,일본
9791170611370,일본
9788976045966,일본
9791138477888,일본
9791190157988,일본
9791189571740,일본
9791189571566,일본
9791189134235,일본
9788925563749,일본
9788998791209,일본
9788994343334,일본
9788949703763,일본
9788949703749,일본
9788949703671,일본
9788949703664,일본
9788949703657,일본
9788925574462,일본
9791198272317,일본
9791127462352,일본
9791191803051,일본
9791160262605,일본
9788979445091,일본
9788954613163,일본
9788949703695,일본
9788984102149,일본
9791160781816,일본
9788990982896,일본
9788998791438,일본
9788998791216,일본
9788990706485,일본
9791191253368,일본
9791197103230,일본
9788954656177,일본
9788998791865,일본
9788950974299,일본
9791187036463,일본
9791193149218,일본
9791192579061,일본
9791191056464,일본
9791188152735,일본
9788970129921,일본
9788950974282,일본
9788998791339,일본
9788954621946,일본
9788949707167,일본
9791130690582,일본
9791165344580,일본
9788971999707,일본
9788950971687,일본
9788954437790,일본
9791195568727,일본
9791186634424,일본
9788957075111,일본
9791193149300,일본
9791192667539,일본
9788954653268,일본
9788952790620,일본
9788925563626,일본
9791160270075,일본
9788954637718,일본
9788961840989,일본
9788954691567,일본
9791169471718,일본
9791186634431,일본
9788996472025,일본
9788935658060,일본
9791170611301,일본
9791172034290,일본
9791170401971,일본
9791169448697,일본
9791189571764,일본
9788954684651,일본
9791196552008,일본
9788934974499,일본
9791166835711,일본
9788954639606,일본
9788954626286,일본
9788956250908,일본
9791167184337,일본
9791172453145,일본
9791167373700,일본
9791161253640,일본
9791191560015,일본
9788934993223,일본
9791159036606,일본
9788957075777,일본
9788993690071,일본
9788993418026,일본
9788961840330,일본
9788949703688,일본
9788975271779,일본
9788970122649,일본
9788972885740,일본
9788956250915,일본
9788992449380,일본
9791192385198,일본
9791192579535,일본
9791188762392,일본
9788934993216,일본
9788997170586,일본
9791155580424,일본
9791155580417,일본
9791158883775,일본
9791130606965,일본
9788954636049,일본
9788952772312,일본
9788935658084,일본
9788965114024,일본
9791138434324,일본
9788954683159,일본
9788984374331,일본
9791190156226,일본
9791187036753,일본
9788978912556,일본
9788937463266,일본
9791158791971,일본
9788952763266,일본
9791194293842,일본
9788954625586,일본
9788937464034,일본
9788937403170,일본
9788990982469,일본
9788955617412,일본
9788925576633,일본
9788970128436,일본
9791127869328,일본
9788937429422,일본
9788934980292,일본
9791160262124,일본
9788986836769,일본
9791164162192,일본
9788925575360,일본
9791187295389,일본
9788954624534,일본
9791160262902,일본
9788972757511,일본
9788954625487,일본
9788937429378,일본
9788954675987,일본
9788954624558,일본
9788970127354,일본
9788925588957,일본
9788932403694,일본
9791130658018,일본
9788925574370,일본
9791185014562,일본
9788972758426,일본
9791192579566,일본
9788932041162,일본
9788991931510,일본
9788937429415,일본
9788934910886,일본
9788954624541,일본
9788937429439,일본
9791166891274,일본
9791186323588,일본
9791136216182,일본
9788901060019,일본
9788925579306,일본
9791138485654,일본
9791192667805,일본
9791168342859,일본
9788954680394,일본
9788952775498,일본
9788954624527,일본
9788937427268,일본
9788961844451,일본
9788954694407,일본
9788970129037,일본
9788937429354,일본
9788925561523,일본
9788997170470,일본
9791169092203,일본
9791168123205,일본
9788974784416,일본
9791189243029,일본
9791190156363,일본
9791199138902,일본
9788931023725,일본
9788973819225,일본
9791199146617,일본
9788955612349,일본
9788960171930,일본
9791186561683,일본
9791186561577,일본
9788932403632,일본
9791187295655,일본
9788970755380,일본
9788991931855,일본
9791169794480,일본
9788934984580,일본
9788970638126,일본
9791160272901,일본
9788954619134,일본
9788990982902,일본
9788937429361,일본
9788991931664,일본
9788934981176,일본
9791167901965,일본
9791158791957,일본
9788934973522,일본
9788990982919,일본
9788976046888,일본
9788934946397,일본
9788954652759,일본
9788954658690,일본
9788990982681,일본
9788991931381,일본
9788950927417,일본
9791167901323,일본
9788966803699,일본
9788937403187,일본
9788934946656,일본
9791160270006,일본
9788954611343,일본
9788954613194,일본
9788954438582,일본
9791198288240,일본
9791160078596,일본
9788986836776,일본
9791167900722,일본
9791188152742,일본
9788998791698,일본
9791128824326,일본
9791197708503,일본
9791189571474,일본
9791196184360,일본
9788934967514,일본
9788958207115,일본
9788937429743,일본
9788937429385,일본
9791188152735,일본
9788925575612,일본
9788986836929,일본
9788932041957,일본
9791191803174,일본
9791169794725,일본
9791159921155,일본
9788990982520,일본
9788961840989,일본
9788998791445,일본
9791191766332,일본
9791155922736,일본
9791196986797,일본
9791128824487,일본
9791128824401,일본
9788932029443,일본
9788960900141,일본
9791156861997,일본
9791190156394,일본
9791191746075,일본
9791161251189,일본
9791196008154,일본
9791186274385,일본
9788965114116,일본
9791155922941,일본
9788956689487,일본
9788961849159,일본
9791188152711,일본
9791130413242,일본
9788925554990,영미
9788937460777,영미
9788925588650,영미
9788925588711,영미
9791130646381,영미
9788937460050,영미
9788937460883,영미
9788937462788,영미
9788937460388,영미
9788937460753,영미
9788973814725,영미
9788937460470,영미
9791130642574,영미
9788937463686,영미
9791193790403,영미
9788970134796,영미
9791193790410,영미
9791194591610,영미
9791193790083,영미
9788937462146,영미
9791194280811,영미
9791130698199,영미
9788954618373,영미
9788925538297,영미
9788932917207,영미
9788937461187,영미
9791164453122,영미
9791194591597,영미
9788931024036,영미
9791194591573,영미
9788937417566,영미
9791193790434,영미
9788952776372,영미
9791193790427,영미
9788937462184,영미
9791168340541,영미
9791168340510,영미
9788960177758,영미
9788952776389,영미
9791190157551,영미
9788931024029,영미
9788952240569,영미
9791130651606,영미
9788932923048,영미
9791161570341,영미
9791168418455,영미
9788988027400,영미
9791193790441,영미
9791193790458,영미
9791193358177,영미
9791193358825,영미
9788937463945,영미
9791194591603,영미
9791194591832,영미
9791130649672,영미
9791171713721,영미
9788937463884,영미
9791194591849,영미
9788937461699,영미
9791160262780,영미
9791193790465,영미
9788984374966,영미
9791191056556,영미
9791193790472,영미
9791193790489,영미
9788970134802,영미
9791173476136,영미
9791193790496,영미
9791193324486,영미
9791194591856,영미
9791194591344,영미
9788963708386,영미
9788982739088,영미
9791160263404,영미
9788937460272,영미
9791130655925,영미
9788937444371,영미
9791141608774,영미
9791194591863,영미
9791190669238,영미
9791139707137,영미
9791173111532,영미
9791193790397,영미
9788937460067,영미
9791194591887,영미
9791196254865,영미
9788960177789,영미
9791173111525,영미
9791193235515,영미
9791166815386,영미
9791193790502,영미
9788937460661,영미
9788972758945,영미
9788937460371,영미
9788954690799,영미
9791130662596,영미
9788932924335,영미
9788937429859,영미
9788937464584,영미
9788955824957,영미
9788932925042,영미
9791185851204,영미
9788984374973,영미
9791191247466,영미
9791192579870,영미
,영미
9788937461378,영미
9791192776262,영미
9788932923031,영미
9788937463679,영미
9788937460197,영미
9788983928450,영미
9788937460999,영미
9788960177765,영미
9788970134819,영미
9791157955206,영미
9788954624398,영미
9791193790519,영미
9791130654621,영미
9788998274931,영미
9788954617291,영미
9791194591405,영미
9791193790526,영미
9791190234016,영미
9791193790533,영미
9791171254033,영미
9788937460111,영미
9791193790557,영미
9791193790540,영미
9791187142966,영미
9791158886141,영미
9791158887605,영미
9788932923055,영미
9791190669221,영미
9791193790571,영미
9791193790564,영미
9788937463488,영미
9788931024487,영미
9788993094435,영미
9791158887544,영미
9788937461095,영미
9788952789020,영미
9788970134918,영미
9791191247114,영미
9788970134925,영미
9791193790595,영미
9788932924922,영미
9788960305762,영미
9788937464577,영미
9791193790588,영미
9791193790601,영미
9791193790618,영미
9788937480973,영미
9791191174595,영미
9788932923062,영미
9791194591870,영미
9788937461101,영미
9791193790632,영미
9788976041470,영미
9791141609696,영미
9788937460128,영미
9791193790625,영미
9788937461125,영미
9788933870747,영미
9788954609173,영미
9791167901194,영미
9788970125749,영미
9788937464362,영미
9788970137476,영미
9788931010831,영미
9788937461835,영미
9788937460678,영미
9788954691673,영미
9788983928207,영미
9788954657235,영미
9788954643252,영미
9791191043525,영미
9791161571270,영미
9791185851310,영미
9788954657242,영미
9788937464638,영미
9788937463167,영미
9788931024890,영미
9788982734014,영미
9788937461743,영미
9791165702953,영미
9791192579818,영미
9788937461576,영미
9788991503205,영미
9788984374928,영미
9791159924248,영미
9791168416758,영미
9788954648301,영미
9788937462122,영미
9788937461750,영미
9788952777645,영미
9788937426926,영미
9788954609166,영미
9788937429903,영미
9791192776743,영미
9791158512590,영미
9788937444357,영미
9788937462139,영미
9788937464379,영미
9791192776194,영미
9788972756736,영미
9791171251360,영미
9788960177635,영미
9788949171197,영미
9791192776750,영미
9791190398091,영미
9791188451159,영미
9791160809190,영미
9788934974260,영미
9791170964469,영미
9788952751072,영미
9788937462832,영미
9791141600150,영미
9788956608990,영미
9788984374737,영미
9791159350320,영미
9788938201010,영미
9788954699860,영미
9791158883843,영미
9788991291348,영미
9788993094558,영미
9788961706209,영미
9791167375599,영미
9791167901118,영미
9791164450220,영미
9788932909707,영미
9791170521730,영미
9791191248975,영미
9791156756552,영미
9788937428210,영미
9791139710960,영미
9791190582308,영미
9788937461613,영미
9788954694940,영미
9788952242204,영미
9788937464683,영미
9788937460463,영미
9788937462030,영미
9788937462887,영미
9788937462801,영미
9791159924682,영미
9788972759881,영미
9788956609003,영미
9788937832208,영미
9788983924469,영미
9788937427923,영미
9788937464485,영미
9788937463785,영미
9788983925008,영미
9791193790670,영미
9788960177567,영미
9791168416765,영미
9791191043518,영미
9788937456275,영미
9788932924014,영미
9788937462894,영미
9788954675444,영미
9791192313559,영미
9791187206446,영미
9788937462795,영미
9791190669726,영미
9788925563091,영미
9788971848722,영미
9791168416772,영미
9788937461323,영미
9791165703394,영미
9788932403687,영미
9791195651474,영미
9788970123103,영미
9791160807868,영미
9788983927804,영미
9788982738852,영미
9788982731082,영미
9791193790663,영미
9791193358023,영미
9788972759065,영미
9791187886921,영미
9791158887551,영미
9791171176878,영미
9788950993283,영미
9788983925015,영미
9788932918143,영미
9791168342477,영미
9788931011579,영미
9788937462269,영미
9788954605908,영미
9791158886134,영미
9788983925251,영미
9788983924490,영미
9788937461590,영미
9788937464553,영미
9788954697934,영미
9788954611817,영미
9791139721850,영미
9788959762170,영미
9788937462153,영미
9788937460074,영미
9788954652735,영미
9791193790748,영미
9791164131709,영미
9791157830770,영미
9791159923159,영미
9788937460456,영미
9791130646770,영미
9788937463631,영미
9791193790717,영미
9791193790656,영미
9788954688277,영미
9791159923227,영미
9791164456789,영미
9791193790694,영미
9788937462320,영미
9791193790700,영미
9788937428043,영미
9788932020105,영미
9791193790755,영미
9788954689106,영미
9791164453627,영미
9788932917542,영미
9788954614801,영미
9788960177840,영미
9791159923296,영미
9788936464493,영미
9788932911984,영미
9791130665498,영미
9791130646787,영미
9788954620253,영미
9788950992460,영미
9791130618463,영미
9788937464508,영미
9791139716832,영미
9788952768711,영미
9788937462276,영미
9788959762187,영미
9788954688284,영미
9791158882402,영미
9788931023015,영미
9791190234023,영미
9788954689472,영미
9791193790687,영미
9791193790724,영미
9791190885270,영미
9788968332852,영미
9791193790731,영미
9788952771841,영미
9788937460814,영미
9788959528820,영미
9788932403786,영미
9791141600167,영미
9791190157278,영미
9788932923741,영미
9791197163302,영미
9788954646970,영미
9788937464263,영미
9788937428227,영미
9791130666037,영미
9791194530138,영미
9788932912899,영미
9788934979357,영미
9788932923734,영미
9788983921956,영미
9788954608831,영미
9788973810451,영미
9791158889609,영미
9791172540173,영미
9791191248913,영미
9788988151969,영미
9791170521679,영미
9791164137077,영미
9788937462160,영미
9788952243393,영미
9791171712335,영미
9788954604963,영미
9788937832215,영미
9791127286552,영미
9791142318306,영미
9788954692342,영미
9788960170612,영미
9791194530145,영미
9788937456299,영미
9791193635407,영미
9791160262469,영미
9791164137084,영미
9788937461675,영미
9788937464270,영미
9791159350313,영미
9788937832468,영미
9791170523383,영미
9788932902814,영미
9788956607740,영미
9788954604970,영미
9791142318313,영미
9788954671828,영미
9788988151310,영미
9791158792329,영미
9788954615341,영미
9788960172272,영미
9791160272680,영미
9788937461811,영미
9791198249364,영미
9788983927811,영미
9788932923857,영미
9788983928825,영미
9788937461828,영미
9791160200744,영미
9788960901667,영미
9788983923042,영미
9788962681017,영미
9788994015972,영미
9791193939277,영미
9788925568584,영미
9788976966360,영미
9788932912523,영미
9788960177819,영미
9791196756949,영미
9788932911489,영미
9788937463525,영미
9791190157452,영미
9788983923059,영미
9788937463570,영미
9788952213327,영미
9788956601571,영미
9791171177035,영미
9791161571126,영미
9791141601812,영미
9788956601731,영미
9788954615358,영미
9788983928290,영미
9788954648325,영미
9788937832543,영미
9791190669672,영미
9788952769237,영미
9788983927828,영미
9788932917634,영미
9788959762194,영미
9788937463518,영미
9791170401964,영미
9791188810468,영미
9791130666044,영미
9791158882440,영미
9791189982324,영미
9791188810451,영미
9788988151396,영미
9788932911601,영미
9791170522690,영미
9788950999940,영미
9788954674973,영미
9788931011012,영미
9788937427862,영미
9791164456581,영미
9791159318283,영미
9788932403397,영미
9788937472923,영미
9788937463662,영미
9788937486456,영미
9788954613729,영미
9788960177772,영미
9788932924663,영미
9791192776767,영미
9791189982331,영미
9791164452828,영미
9791190298582,영미
9788932911991,영미
9791137269149,영미
9788937431975,영미
9788983920775,영미
9788931024494,영미
9791130644691,영미
9791164135981,영미
9788952242648,영미
9791158887568,영미
9791160200751,영미
9788954651387,영미
9788959762200,영미
9788992632317,영미
9788982738326,영미
9788937460852,영미
9791156759843,영미
9788952777133,영미
9791187206200,영미
9788960177802,영미
9788932911502,영미
9788982739040,영미
9788931024470,영미
9788954681650,영미
9788954643474,영미
9791188810918,영미
9788993094770,영미
9791168123014,영미
9788937434631,영미
9788954648806,영미
9788931022728,영미
9788959762361,영미
9791159350290,영미
9791170523376,영미
9788949170923,영미
9791141602147,영미
9788901288284,영미
9788950938833,영미
9791187824992,영미
9791159259043,영미
9791191114560,영미
9788954640688,영미
9788930103503,영미
9788982731914,영미
9791158792213,영미
9788937431982,영미
9788993094916,영미
9788952751089,영미
9788937460869,영미
9788932912448,영미
9788932909639,영미
9788954686785,영미
9788960171374,영미
9788954660259,영미
9788954634106,영미
9788936464349,영미
9788932911793,영미
9791193790823,영미
9791192647364,영미
9791193324066,영미
9791141606787,영미
9788950992477,영미
9788931024159,영미
9788950957407,영미
9791156754374,영미
9791158883140,영미
9788972757108,영미
9791158792206,영미
9791141607111,영미
9791130646145,영미
9788954694063,영미
9791164459544,영미
9788936464929,영미
9788932911496,영미
9788952237484,영미
9791194280873,영미
9788937463792,영미
9788932921129,영미
9791196837600,영미
9788993094350,영미
9788932911809,영미
9788950999926,영미
9788979447613,영미
9791189982041,영미
9788952764577,영미
9791190492898,영미
9791189982034,영미
9791127234454,영미
9788937461224,영미
9788983926876,영미
9788954694391,영미
9788982735622,영미
9791169811668,영미
9791191071238,영미
9791158792022,영미
9791198966407,영미
9791193790847,영미
9788954685054,영미
9791156758815,영미
9788932912219,영미
9788998045401,영미
9791141607128,영미
9791164797707,영미
9788934998952,영미
9788982182655,영미
9791127233334,영미
9791185851297,영미
9791190492911,영미
9791190492904,영미
9788960177574,영미
9791164459223,영미
9791161571348,영미
9788954657471,영미
9788983925848,영미
9788958626664,영미
9788931024449,영미
9791141608330,영미
9788931024050,영미
9788950989507,영미
9788937442742,영미
9788965746898,영미
9788931024852,영미
9791196554880,영미
9788937462993,영미
9788937462054,영미
9788937464669,영미
9791158792084,영미
9791164451876,영미
9788982731976,영미
9788997454143,영미
9791139717938,영미
9791167371683,영미
9791192186863,영미
9791158887575,영미
9788972756743,영미
9788937462580,영미
9791170524373,영미
9791171177042,영미
9788984374577,영미
9791168340640,영미
9791164450855,영미
9788960177796,영미
9788954615648,영미
9788954610926,영미
9791191114430,영미
9788950999957,영미
9788932474939,영미
9791190710633,영미
9791160870763,영미
9791187142270,영미
9791168342187,영미
9788932912905,영미
9788925579818,영미
9788932912226,영미
9788960174634,영미
9788937461866,영미
9791168340633,영미
9791189581619,영미
9788932919188,영미
9788954610896,영미
9791194280859,영미
9788937462061,영미
9788925568775,영미
9791164052837,영미
9791187206675,영미
9788994343174,영미
9788954618526,영미
9788932911953,영미
9788973810253,영미
9788954616454,영미
9788937462603,영미
9788977244115,영미
9788932909738,영미
9791164459551,영미
9791159350399,영미
9791195484669,영미
9788960174122,영미
9791194591474,영미
9791140712816,영미
9788931024067,영미
9788936464912,영미
9791166686955,영미
9791189581527,영미
9788956608778,영미
9788932911359,영미
9788960171176,영미
9791139710977,영미
9791196554897,영미
9791167140371,영미
9788954614849,영미
9788949707310,영미
9788937461873,영미
9788931024814,영미
9791130664439,영미
9788983929815,영미
9788937442896,영미
9791156759195,영미
9788950992484,영미
9788934990994,영미
9788954657259,영미
9791159350375,영미
9788960174115,영미
9788932403359,영미
9788936439699,영미
9791160940510,영미
9791158880163,영미
9788955824902,영미
9788954610902,영미
9791164459230,영미
9791192579368,영미
9791191200416,영미
9788954636568,영미
9788932911618,영미
9788937462610,영미
9791164458882,영미
9788983927392,영미
9791160200737,영미
9788925555935,영미
9788974832537,영미
9791173321788,영미
9788937464607,영미
9788937454547,영미
9791127240332,영미
9788932403700,영미
9788925574561,영미
9791191587678,영미
9791130646114,영미
9788937472947,영미
9788961673099,영미
9791156759201,영미
9791192186870,영미
9791187824299,영미
9788954648677,영미
9788937464591,영미
9791164052554,영미
9791164455102,영미
9791192385310,영미
9791139711004,영미
9788960178359,영미
9788960177833,영미
9788931006087,영미
9788931024104,영미
9791141606848,영미
9788950992521,영미
9788956608785,영미
9791170872283,영미
9791160809732,영미
9788934942696,영미
9791130634593,영미
9788958626688,영미
9791164453016,영미
9788937428180,영미
9788931023565,영미
9788932912547,영미
9788983923387,영미
9788949705217,영미
9791189581725,영미
9788958626671,영미
9788932924007,영미
9788974394882,영미
9788959526437,영미
9788954623810,영미
9791192025063,영미
9788983924988,영미
9788960174641,영미
9791193790854,영미
9791164459315,영미
9788937464393,영미
9791158791995,영미
9788959526536,영미
9788954614764,영미
9788983923394,영미
9791193790861,영미
9791164452576,영미
9788954655088,영미
9788992632485,영미
9791167375100,영미
9791164459209,영미
9788952777126,영미
9788925555195,영미
9788958322788,영미
9788932403922,영미
9791197894534,영미
9791155814918,영미
9791190710350,영미
9791165508869,영미
9791157830794,영미
9788932909417,영미
9788932909226,영미
9788937460821,영미
9791193790762,영미
9788952243966,영미
9788937472916,영미
9791190538039,영미
9788959527311,영미
9788983924995,영미
9788960533400,영미
9788982737350,영미
9791171170135,영미
9791160272796,영미
9788937463808,영미
9791158791629,영미
9791164452569,영미
9791164452415,영미
9788932403816,영미
9788932911526,영미
9788954605229,영미
9788995075388,영미
9791199013551,영미
9791168126121,영미
9791188547142,영미
9788972757528,영미
9788954613910,영미
9791161952536,영미
9791190298865,영미
9791190298315,영미
9788960171183,영미
9788935505708,영미
9791171171279,영미
9791190885706,영미
9791190298162,영미
9791158884826,영미
9788982738029,영미
9791194591900,영미
9788935505685,영미
9791168341050,영미
9791191247169,영미
9788901245447,영미
9788932906096,영미
9791164456291,영미
9791158887582,영미
9791190298872,영미
9788952795649,영미
9788982734038,영미
9791164457618,영미
9791158887599,영미
9788932911045,영미
9788972883630,영미
9788938202017,영미
9791139711011,영미
9788966351565,영미
9788965964742,영미
9788932910291,영미
9791167373533,영미
9791164452583,영미
9788954657945,영미
9791160200843,영미
9788982734052,영미
9788938202086,영미
9791189581657,영미
9791159350368,영미
9788954613927,영미
9791170523918,영미
9788932923475,영미
9788933872130,영미
9791191200690,영미
9791160870893,영미
9791160200775,영미
9788956608815,영미
9788949171203,영미
9788932912066,영미
9788932912059,영미
9788932911632,영미
9788937461958,영미
9791172130923,영미
9791170871330,영미
9791191602463,영미
9791189660802,영미
9788954655033,영미
9791196165833,영미
9791167182715,영미
9791198750006,영미
9788936479176,영미
9788961844673,영미
9788954637626,영미
9788954637251,영미
9788983923684,영미
9791172131784,영미
9791130646138,영미
9791164455225,영미
9791190298353,영미
9788960176751,영미
9788931007831,영미
9788954611848,영미
9788954610919,영미
9788932925080,영미
9791170525295,영미
9791158792107,영미
9791192579047,영미
9788954649445,영미
9788952777195,영미
9788992632201,영미
9788937472787,영미
9788952775313,영미
9788954609203,영미
9788982738036,영미
9791194171126,영미
9788932042909,영미
9788934962083,영미
9791139710984,영미
9788954688963,영미
9791158791117,영미
9788950975616,영미
9788952768704,영미
9788983923592,영미
9788974283186,영미
9788931024463,영미
9791193001462,영미
9791171177066,영미
9791139710991,영미
9788960177581,영미
9788993094428,영미
9788932911038,영미
9788932924458,영미
9791192385259,영미
9788954698733,영미
9788937464409,영미
9788937463815,영미
9791189660987,영미
9788954644044,영미
9788901203621,영미
9788960177826,영미
9791190669306,영미
9791171171293,영미
9791164452408,영미
9788936464684,영미
9791189581718,영미
9791159038655,영미
9788952237637,영미
9788956608808,영미
9788954609210,영미
9791170402879,영미
9788932924038,영미
9788972438199,영미
9788937464249,영미
9788983922335,영미
9788983925237,영미
9791197830402,영미
9788936479091,영미
9791190710367,영미
9788959526345,영미
9788956609690,영미
9788937462986,영미
9788930101837,영미
9788949719771,영미
9788984374881,영미
9791188547319,영미
9791164452552,영미
9791188547197,영미
9788955825015,영미
9788932909301,영미
9788938202925,영미
9791173321313,영미
9791173320651,영미
9791190710749,영미
9788937464010,영미
9791164454754,영미
9791127233341,영미
9788954624220,영미
9791158791278,영미
9791189413965,영미
9791195970094,영미
9788982734045,영미
9788932925103,영미
9788925576480,영미
9791197040528,영미
9788952769220,영미
9788954613125,영미
9788983923691,영미
9788960301450,영미
9791172132415,영미
9788983928191,영미
9791164380244,영미
9788932403533,영미
9788932924373,영미
9788934976257,영미
9788970558059,영미
9788971723777,영미
9788982737107,영미
9788949719795,영미
9791168341524,영미
9791190710596,영미
9791158251239,영미
9788947548335,영미
9791191247022,영미
9788960177598,영미
9788937462979,영미
9788983081117,영미
9788983923608,영미
9788932902807,영미
9791193367094,영미
9788925578422,영미
9791165508876,영미
9791158882907,영미
9788937464256,영미
9791167552013,영미
9788937464140,영미
9788937464027,영미
9791127233488,영미
9791164451821,영미
9788936464707,영미
9788982737381,영미
9788937460593,영미
9788931024326,영미
9791190710732,영미
9788925575537,영미
9788934921578,영미
9791190298605,영미
9788954656610,영미
9788954636261,영미
9788954625418,영미
9788925552378,영미
9788982737398,영미
9791171178759,영미
9791190710718,영미
9788937456053,영미
9791164456697,영미
9788986836783,영미
9788932912530,영미
9791160200768,영미
9791189581794,영미
9791160274783,영미
9791193078396,영미
9791171176342,영미
9788931023428,영미
9791187886693,영미
9788937439780,영미
9791159350481,영미
9788936476700,영미
9791158884628,영미
9791157746095,영미
9788950975623,영미
9788982737763,영미
9788982737695,영미
9788956057842,영미
9788954624862,영미
9788954656160,영미
9791164050277,영미
9788954611152,영미
9788937463082,영미
9791196914806,영미
9788954697354,영미
9791187206606,영미
9788937463921,영미
9788954614443,영미
9788937463501,영미
9788972757139,영미
9791197671746,영미
9788954622752,영미
9788931023282,영미
9788954607711,영미
9791139716832,영미
9788937462221,영미
9791160940527,영미
9788937463938,영미
9788901232867,영미
9788982817236,영미
9791191278019,영미
9791156334347,영미
9788937463129,영미
9788960901704,영미
9791192684185,영미
9791139718775,영미
9791190090674,영미
9788931023299,영미
9791158880729,영미
9788960172067,영미
9788937429750,영미
9788952771827,영미
9788937463136,영미
9788901104935,영미
9788960175549,영미
9788932912721,영미
9788954656696,영미
9791159350092,영미
9788972756637,영미
9788932917078,영미
9791191247190,영미
9788954692588,영미
9788932035031,영미
9788936471750,영미
9791196554842,영미
9788901242194,영미
9788937461231,영미
9788932909554,영미
9788972756682,영미
9788960172173,영미
9788986183733,영미
9788937460142,영미
9788901242187,영미
9788960172180,영미
9788972756712,영미
9788954655088,영미
9791158887162,영미
9791197826153,영미
9791191278002,영미
9791166687150,영미
9788934974253,영미
9788949717982,영미
9788954611831,영미
9791197332401,영미
9791164453634,영미
9788960172074,영미
9788982739859,영미
9788937461996,영미
9791192684468,영미
9788937456091,영미
9791167901316,영미
9788952794864,영미
9788954685641,영미
9791187206590,영미
9788901242200,영미
9788982819056,영미
9788960900608,영미
9788972757542,영미
9788972756620,영미
9791168341494,영미
9791170523994,영미
9788954689519,영미
9788992632867,영미
9791194293026,영미
9788954610087,영미
9788982737381,영미
9791160807882,영미
9791173350443,영미
9788972755913,영미
9788901110813,영미
9791193130551,영미
9788982817588,영미
9788954682756,영미
9788954607919,영미
9788932036250,영미
9791187206613,영미
9791127240998,영미
9788972758495,영미
9791167902702,영미
9788993094442,영미
9788937456930,영미
9791158887155,영미
9788972434504,영미
9788972756699,영미
9788960174580,영미
9788982737459,영미
9788960908697,영미
9788961706193,영미
9788993094800,영미
9791189660796,영미
9788949705256,영미
9788955827682,영미
9791191278033,영미
9788954655347,영미
9788937456923,영미
9788972757221,영미
9788936439330,영미
9791159037993,영미
9791164051847,영미
9788972755609,영미
9788954655354,영미
9788982737510,영미
9791155815564,영미
9791160807875,영미
9788954692007,영미
9791127236823,영미
9791158882822,영미
9788952771834,영미
9788960172098,영미
9788901125916,영미
9788932909257,영미
9788982737015,영미
9791160200867,영미
9788949708140,영미
9791160807509,영미
9788931011111,영미
9791159923777,영미
9791190885218,영미
9791190298032,영미
9788949717838,영미
9791160201383,영미
9788954671415,영미
9788932912455,영미
9788937464461,영미
9791170800163,영미
9791164457052,영미
9788972758525,영미
9788994449487,영미
9788993785494,영미
9788954618854,영미
9788960172081,영미
9791166688577,영미
9788954679565,영미
9788954672894,영미
9791161110011,영미
9788952779618,영미
9788937429965,영미
9791169794565,영미
9791190314152,영미
9791196791018,영미
9791156756309,영미
9791166687303,영미
9791166687211,영미
9791160260670,영미
9788954698153,영미
9791196791025,영미
9791167371577,영미
9788937429682,영미
9791191879162,영미
9791127280604,영미
9788995529737,영미
9788954650298,영미
9788960901643,영미
9788952760531,영미
9788958201540,영미
9788985392891,영미
9791197461446,영미
9788934995609,영미
9791160401875,영미
9788954641555,영미
9791197614149,영미
9791196893958,영미
9791186274392,영미
9788901114361,영미
